-- phpMyAdmin SQL Dump
-- version 4.9.0.1
-- https://www.phpmyadmin.net/
--
-- Host: localhost:3306
-- Generation Time: Feb 11, 2020 at 11:59 PM
-- Server version: 10.1.40-MariaDB-cll-lve
-- PHP Version: 7.3.6

SET SQL_MODE = "NO_AUTO_VALUE_ON_ZERO";
SET AUTOCOMMIT = 0;
START TRANSACTION;
SET time_zone = "+00:00";


/*!40101 SET @OLD_CHARACTER_SET_CLIENT=@@CHARACTER_SET_CLIENT */;
/*!40101 SET @OLD_CHARACTER_SET_RESULTS=@@CHARACTER_SET_RESULTS */;
/*!40101 SET @OLD_COLLATION_CONNECTION=@@COLLATION_CONNECTION */;
/*!40101 SET NAMES utf8mb4 */;

--
-- Database: `pneumec_siddhivinaayak`
--

-- --------------------------------------------------------

--
-- Table structure for table `category`
--

CREATE TABLE `category` (
  `id` int(10) UNSIGNED NOT NULL,
  `name` varchar(255) COLLATE utf8_unicode_ci NOT NULL,
  `description` text COLLATE utf8_unicode_ci NOT NULL,
  `updated_by` varchar(255) COLLATE utf8_unicode_ci NOT NULL,
  `created_by` varchar(255) COLLATE utf8_unicode_ci NOT NULL,
  `created_at` timestamp NOT NULL DEFAULT '0000-00-00 00:00:00',
  `updated_at` timestamp NOT NULL DEFAULT '0000-00-00 00:00:00',
  `deleted_at` timestamp NULL DEFAULT NULL
) ENGINE=InnoDB DEFAULT CHARSET=utf8 COLLATE=utf8_unicode_ci;

--
-- Dumping data for table `category`
--

INSERT INTO `category` (`id`, `name`, `description`, `updated_by`, `created_by`, `created_at`, `updated_at`, `deleted_at`) VALUES
(1, 'RELAY', '', '1', '1', '2017-08-07 11:44:51', '2017-08-07 11:44:51', NULL),
(2, 'METER', '', '1', '1', '2017-08-07 11:45:14', '2017-08-07 11:45:14', NULL),
(3, 'CONTROL', '', '1', '1', '2017-08-07 11:45:23', '2017-12-13 07:11:20', '2017-12-13 07:11:20');

-- --------------------------------------------------------

--
-- Table structure for table `counter`
--

CREATE TABLE `counter` (
  `id` int(10) UNSIGNED NOT NULL,
  `prop` varchar(255) COLLATE utf8_unicode_ci NOT NULL,
  `value` varchar(255) COLLATE utf8_unicode_ci NOT NULL,
  `created_at` timestamp NOT NULL DEFAULT '0000-00-00 00:00:00',
  `updated_at` timestamp NOT NULL DEFAULT '0000-00-00 00:00:00',
  `deleted_at` timestamp NULL DEFAULT NULL
) ENGINE=MyISAM DEFAULT CHARSET=utf8 COLLATE=utf8_unicode_ci;

--
-- Dumping data for table `counter`
--

INSERT INTO `counter` (`id`, `prop`, `value`, `created_at`, `updated_at`, `deleted_at`) VALUES
(1, 'visits', '100', '2017-12-12 10:37:53', '2017-12-12 10:37:53', NULL);

-- --------------------------------------------------------

--
-- Table structure for table `countries`
--

CREATE TABLE `countries` (
  `id` int(10) UNSIGNED NOT NULL,
  `sortname` varchar(3) COLLATE utf8mb4_unicode_ci NOT NULL,
  `name` varchar(75) COLLATE utf8mb4_unicode_ci NOT NULL,
  `phonecode` int(11) NOT NULL,
  `created_at` timestamp NULL DEFAULT NULL,
  `updated_at` timestamp NULL DEFAULT NULL
) ENGINE=MyISAM DEFAULT CHARSET=utf8mb4 COLLATE=utf8mb4_unicode_ci;

--
-- Dumping data for table `countries`
--

INSERT INTO `countries` (`id`, `sortname`, `name`, `phonecode`, `created_at`, `updated_at`) VALUES
(1, 'AF', 'Afghanistan', 93, NULL, NULL),
(2, 'AL', 'Albania', 355, NULL, NULL),
(3, 'DZ', 'Algeria', 213, NULL, NULL),
(4, 'AS', 'American Samoa', 1684, NULL, NULL),
(5, 'AD', 'Andorra', 376, NULL, NULL),
(6, 'AO', 'Angola', 244, NULL, NULL),
(7, 'AI', 'Anguilla', 1264, NULL, NULL),
(8, 'AQ', 'Antarctica', 0, NULL, NULL),
(9, 'AG', 'Antigua And Barbuda', 1268, NULL, NULL),
(10, 'AR', 'Argentina', 54, NULL, NULL),
(11, 'AM', 'Armenia', 374, NULL, NULL),
(12, 'AW', 'Aruba', 297, NULL, NULL),
(13, 'AU', 'Australia', 61, NULL, NULL),
(14, 'AT', 'Austria', 43, NULL, NULL),
(15, 'AZ', 'Azerbaijan', 994, NULL, NULL),
(16, 'BS', 'Bahamas The', 1242, NULL, NULL),
(17, 'BH', 'Bahrain', 973, NULL, NULL),
(18, 'BD', 'Bangladesh', 880, NULL, NULL),
(19, 'BB', 'Barbados', 1246, NULL, NULL),
(20, 'BY', 'Belarus', 375, NULL, NULL),
(21, 'BE', 'Belgium', 32, NULL, NULL),
(22, 'BZ', 'Belize', 501, NULL, NULL),
(23, 'BJ', 'Benin', 229, NULL, NULL),
(24, 'BM', 'Bermuda', 1441, NULL, NULL),
(25, 'BT', 'Bhutan', 975, NULL, NULL),
(26, 'BO', 'Bolivia', 591, NULL, NULL),
(27, 'BA', 'Bosnia and Herzegovina', 387, NULL, NULL),
(28, 'BW', 'Botswana', 267, NULL, NULL),
(29, 'BV', 'Bouvet Island', 0, NULL, NULL),
(30, 'BR', 'Brazil', 55, NULL, NULL),
(31, 'IO', 'British Indian Ocean Territory', 246, NULL, NULL),
(32, 'BN', 'Brunei', 673, NULL, NULL),
(33, 'BG', 'Bulgaria', 359, NULL, NULL),
(34, 'BF', 'Burkina Faso', 226, NULL, NULL),
(35, 'BI', 'Burundi', 257, NULL, NULL),
(36, 'KH', 'Cambodia', 855, NULL, NULL),
(37, 'CM', 'Cameroon', 237, NULL, NULL),
(38, 'CA', 'Canada', 1, NULL, NULL),
(39, 'CV', 'Cape Verde', 238, NULL, NULL),
(40, 'KY', 'Cayman Islands', 1345, NULL, NULL),
(41, 'CF', 'Central African Republic', 236, NULL, NULL),
(42, 'TD', 'Chad', 235, NULL, NULL),
(43, 'CL', 'Chile', 56, NULL, NULL),
(44, 'CN', 'China', 86, NULL, NULL),
(45, 'CX', 'Christmas Island', 61, NULL, NULL),
(46, 'CC', 'Cocos (Keeling) Islands', 672, NULL, NULL),
(47, 'CO', 'Colombia', 57, NULL, NULL),
(48, 'KM', 'Comoros', 269, NULL, NULL),
(49, 'CG', 'Republic Of The Congo', 242, NULL, NULL),
(50, 'CD', 'Democratic Republic Of The Congo', 242, NULL, NULL),
(51, 'CK', 'Cook Islands', 682, NULL, NULL),
(52, 'CR', 'Costa Rica', 506, NULL, NULL),
(53, 'CI', 'Cote D\'Ivoire (Ivory Coast)', 225, NULL, NULL),
(54, 'HR', 'Croatia (Hrvatska)', 385, NULL, NULL),
(55, 'CU', 'Cuba', 53, NULL, NULL),
(56, 'CY', 'Cyprus', 357, NULL, NULL),
(57, 'CZ', 'Czech Republic', 420, NULL, NULL),
(58, 'DK', 'Denmark', 45, NULL, NULL),
(59, 'DJ', 'Djibouti', 253, NULL, NULL),
(60, 'DM', 'Dominica', 1767, NULL, NULL),
(61, 'DO', 'Dominican Republic', 1809, NULL, NULL),
(62, 'TP', 'East Timor', 670, NULL, NULL),
(63, 'EC', 'Ecuador', 593, NULL, NULL),
(64, 'EG', 'Egypt', 20, NULL, NULL),
(65, 'SV', 'El Salvador', 503, NULL, NULL),
(66, 'GQ', 'Equatorial Guinea', 240, NULL, NULL),
(67, 'ER', 'Eritrea', 291, NULL, NULL),
(68, 'EE', 'Estonia', 372, NULL, NULL),
(69, 'ET', 'Ethiopia', 251, NULL, NULL),
(70, 'XA', 'External Territories of Australia', 61, NULL, NULL),
(71, 'FK', 'Falkland Islands', 500, NULL, NULL),
(72, 'FO', 'Faroe Islands', 298, NULL, NULL),
(73, 'FJ', 'Fiji Islands', 679, NULL, NULL),
(74, 'FI', 'Finland', 358, NULL, NULL),
(75, 'FR', 'France', 33, NULL, NULL),
(76, 'GF', 'French Guiana', 594, NULL, NULL),
(77, 'PF', 'French Polynesia', 689, NULL, NULL),
(78, 'TF', 'French Southern Territories', 0, NULL, NULL),
(79, 'GA', 'Gabon', 241, NULL, NULL),
(80, 'GM', 'Gambia The', 220, NULL, NULL),
(81, 'GE', 'Georgia', 995, NULL, NULL),
(82, 'DE', 'Germany', 49, NULL, NULL),
(83, 'GH', 'Ghana', 233, NULL, NULL),
(84, 'GI', 'Gibraltar', 350, NULL, NULL),
(85, 'GR', 'Greece', 30, NULL, NULL),
(86, 'GL', 'Greenland', 299, NULL, NULL),
(87, 'GD', 'Grenada', 1473, NULL, NULL),
(88, 'GP', 'Guadeloupe', 590, NULL, NULL),
(89, 'GU', 'Guam', 1671, NULL, NULL),
(90, 'GT', 'Guatemala', 502, NULL, NULL),
(91, 'XU', 'Guernsey and Alderney', 44, NULL, NULL),
(92, 'GN', 'Guinea', 224, NULL, NULL),
(93, 'GW', 'Guinea-Bissau', 245, NULL, NULL),
(94, 'GY', 'Guyana', 592, NULL, NULL),
(95, 'HT', 'Haiti', 509, NULL, NULL),
(96, 'HM', 'Heard and McDonald Islands', 0, NULL, NULL),
(97, 'HN', 'Honduras', 504, NULL, NULL),
(98, 'HK', 'Hong Kong S.A.R.', 852, NULL, NULL),
(99, 'HU', 'Hungary', 36, NULL, NULL),
(100, 'IS', 'Iceland', 354, NULL, NULL),
(101, 'IN', 'India', 91, NULL, NULL),
(102, 'ID', 'Indonesia', 62, NULL, NULL),
(103, 'IR', 'Iran', 98, NULL, NULL),
(104, 'IQ', 'Iraq', 964, NULL, NULL),
(105, 'IE', 'Ireland', 353, NULL, NULL),
(106, 'IL', 'Israel', 972, NULL, NULL),
(107, 'IT', 'Italy', 39, NULL, NULL),
(108, 'JM', 'Jamaica', 1876, NULL, NULL),
(109, 'JP', 'Japan', 81, NULL, NULL),
(110, 'XJ', 'Jersey', 44, NULL, NULL),
(111, 'JO', 'Jordan', 962, NULL, NULL),
(112, 'KZ', 'Kazakhstan', 7, NULL, NULL),
(113, 'KE', 'Kenya', 254, NULL, NULL),
(114, 'KI', 'Kiribati', 686, NULL, NULL),
(115, 'KP', 'Korea North', 850, NULL, NULL),
(116, 'KR', 'Korea South', 82, NULL, NULL),
(117, 'KW', 'Kuwait', 965, NULL, NULL),
(118, 'KG', 'Kyrgyzstan', 996, NULL, NULL),
(119, 'LA', 'Laos', 856, NULL, NULL),
(120, 'LV', 'Latvia', 371, NULL, NULL),
(121, 'LB', 'Lebanon', 961, NULL, NULL),
(122, 'LS', 'Lesotho', 266, NULL, NULL),
(123, 'LR', 'Liberia', 231, NULL, NULL),
(124, 'LY', 'Libya', 218, NULL, NULL),
(125, 'LI', 'Liechtenstein', 423, NULL, NULL),
(126, 'LT', 'Lithuania', 370, NULL, NULL),
(127, 'LU', 'Luxembourg', 352, NULL, NULL),
(128, 'MO', 'Macau S.A.R.', 853, NULL, NULL),
(129, 'MK', 'Macedonia', 389, NULL, NULL),
(130, 'MG', 'Madagascar', 261, NULL, NULL),
(131, 'MW', 'Malawi', 265, NULL, NULL),
(132, 'MY', 'Malaysia', 60, NULL, NULL),
(133, 'MV', 'Maldives', 960, NULL, NULL),
(134, 'ML', 'Mali', 223, NULL, NULL),
(135, 'MT', 'Malta', 356, NULL, NULL),
(136, 'XM', 'Man (Isle of)', 44, NULL, NULL),
(137, 'MH', 'Marshall Islands', 692, NULL, NULL),
(138, 'MQ', 'Martinique', 596, NULL, NULL),
(139, 'MR', 'Mauritania', 222, NULL, NULL),
(140, 'MU', 'Mauritius', 230, NULL, NULL),
(141, 'YT', 'Mayotte', 269, NULL, NULL),
(142, 'MX', 'Mexico', 52, NULL, NULL),
(143, 'FM', 'Micronesia', 691, NULL, NULL),
(144, 'MD', 'Moldova', 373, NULL, NULL),
(145, 'MC', 'Monaco', 377, NULL, NULL),
(146, 'MN', 'Mongolia', 976, NULL, NULL),
(147, 'MS', 'Montserrat', 1664, NULL, NULL),
(148, 'MA', 'Morocco', 212, NULL, NULL),
(149, 'MZ', 'Mozambique', 258, NULL, NULL),
(150, 'MM', 'Myanmar', 95, NULL, NULL),
(151, 'NA', 'Namibia', 264, NULL, NULL),
(152, 'NR', 'Nauru', 674, NULL, NULL),
(153, 'NP', 'Nepal', 977, NULL, NULL),
(154, 'AN', 'Netherlands Antilles', 599, NULL, NULL),
(155, 'NL', 'Netherlands The', 31, NULL, NULL),
(156, 'NC', 'New Caledonia', 687, NULL, NULL),
(157, 'NZ', 'New Zealand', 64, NULL, NULL),
(158, 'NI', 'Nicaragua', 505, NULL, NULL),
(159, 'NE', 'Niger', 227, NULL, NULL),
(160, 'NG', 'Nigeria', 234, NULL, NULL),
(161, 'NU', 'Niue', 683, NULL, NULL),
(162, 'NF', 'Norfolk Island', 672, NULL, NULL),
(163, 'MP', 'Northern Mariana Islands', 1670, NULL, NULL),
(164, 'NO', 'Norway', 47, NULL, NULL),
(165, 'OM', 'Oman', 968, NULL, NULL),
(166, 'PK', 'Pakistan', 92, NULL, NULL),
(167, 'PW', 'Palau', 680, NULL, NULL),
(168, 'PS', 'Palestinian Territory Occupied', 970, NULL, NULL),
(169, 'PA', 'Panama', 507, NULL, NULL),
(170, 'PG', 'Papua new Guinea', 675, NULL, NULL),
(171, 'PY', 'Paraguay', 595, NULL, NULL),
(172, 'PE', 'Peru', 51, NULL, NULL),
(173, 'PH', 'Philippines', 63, NULL, NULL),
(174, 'PN', 'Pitcairn Island', 0, NULL, NULL),
(175, 'PL', 'Poland', 48, NULL, NULL),
(176, 'PT', 'Portugal', 351, NULL, NULL),
(177, 'PR', 'Puerto Rico', 1787, NULL, NULL),
(178, 'QA', 'Qatar', 974, NULL, NULL),
(179, 'RE', 'Reunion', 262, NULL, NULL),
(180, 'RO', 'Romania', 40, NULL, NULL),
(181, 'RU', 'Russia', 70, NULL, NULL),
(182, 'RW', 'Rwanda', 250, NULL, NULL),
(183, 'SH', 'Saint Helena', 290, NULL, NULL),
(184, 'KN', 'Saint Kitts And Nevis', 1869, NULL, NULL),
(185, 'LC', 'Saint Lucia', 1758, NULL, NULL),
(186, 'PM', 'Saint Pierre and Miquelon', 508, NULL, NULL),
(187, 'VC', 'Saint Vincent And The Grenadines', 1784, NULL, NULL),
(188, 'WS', 'Samoa', 684, NULL, NULL),
(189, 'SM', 'San Marino', 378, NULL, NULL),
(190, 'ST', 'Sao Tome and Principe', 239, NULL, NULL),
(191, 'SA', 'Saudi Arabia', 966, NULL, NULL),
(192, 'SN', 'Senegal', 221, NULL, NULL),
(193, 'RS', 'Serbia', 381, NULL, NULL),
(194, 'SC', 'Seychelles', 248, NULL, NULL),
(195, 'SL', 'Sierra Leone', 232, NULL, NULL),
(196, 'SG', 'Singapore', 65, NULL, NULL),
(197, 'SK', 'Slovakia', 421, NULL, NULL),
(198, 'SI', 'Slovenia', 386, NULL, NULL),
(199, 'XG', 'Smaller Territories of the UK', 44, NULL, NULL),
(200, 'SB', 'Solomon Islands', 677, NULL, NULL),
(201, 'SO', 'Somalia', 252, NULL, NULL),
(202, 'ZA', 'South Africa', 27, NULL, NULL),
(203, 'GS', 'South Georgia', 0, NULL, NULL),
(204, 'SS', 'South Sudan', 211, NULL, NULL),
(205, 'ES', 'Spain', 34, NULL, NULL),
(206, 'LK', 'Sri Lanka', 94, NULL, NULL),
(207, 'SD', 'Sudan', 249, NULL, NULL),
(208, 'SR', 'Suriname', 597, NULL, NULL),
(209, 'SJ', 'Svalbard And Jan Mayen Islands', 47, NULL, NULL),
(210, 'SZ', 'Swaziland', 268, NULL, NULL),
(211, 'SE', 'Sweden', 46, NULL, NULL),
(212, 'CH', 'Switzerland', 41, NULL, NULL),
(213, 'SY', 'Syria', 963, NULL, NULL),
(214, 'TW', 'Taiwan', 886, NULL, NULL),
(215, 'TJ', 'Tajikistan', 992, NULL, NULL),
(216, 'TZ', 'Tanzania', 255, NULL, NULL),
(217, 'TH', 'Thailand', 66, NULL, NULL),
(218, 'TG', 'Togo', 228, NULL, NULL),
(219, 'TK', 'Tokelau', 690, NULL, NULL),
(220, 'TO', 'Tonga', 676, NULL, NULL),
(221, 'TT', 'Trinidad And Tobago', 1868, NULL, NULL),
(222, 'TN', 'Tunisia', 216, NULL, NULL),
(223, 'TR', 'Turkey', 90, NULL, NULL),
(224, 'TM', 'Turkmenistan', 7370, NULL, NULL),
(225, 'TC', 'Turks And Caicos Islands', 1649, NULL, NULL),
(226, 'TV', 'Tuvalu', 688, NULL, NULL),
(227, 'UG', 'Uganda', 256, NULL, NULL),
(228, 'UA', 'Ukraine', 380, NULL, NULL),
(229, 'AE', 'United Arab Emirates', 971, NULL, NULL),
(230, 'GB', 'United Kingdom', 44, NULL, NULL),
(231, 'US', 'United States', 1, NULL, NULL),
(232, 'UM', 'United States Minor Outlying Islands', 1, NULL, NULL),
(233, 'UY', 'Uruguay', 598, NULL, NULL),
(234, 'UZ', 'Uzbekistan', 998, NULL, NULL),
(235, 'VU', 'Vanuatu', 678, NULL, NULL),
(236, 'VA', 'Vatican City State (Holy See)', 39, NULL, NULL),
(237, 'VE', 'Venezuela', 58, NULL, NULL),
(238, 'VN', 'Vietnam', 84, NULL, NULL),
(239, 'VG', 'Virgin Islands (British)', 1284, NULL, NULL),
(240, 'VI', 'Virgin Islands (US)', 1340, NULL, NULL),
(241, 'WF', 'Wallis And Futuna Islands', 681, NULL, NULL),
(242, 'EH', 'Western Sahara', 212, NULL, NULL),
(243, 'YE', 'Yemen', 967, NULL, NULL),
(244, 'YU', 'Yugoslavia', 38, NULL, NULL),
(245, 'ZM', 'Zambia', 260, NULL, NULL),
(246, 'ZW', 'Zimbabwe', 263, NULL, NULL);

-- --------------------------------------------------------

--
-- Table structure for table `events`
--

CREATE TABLE `events` (
  `id` int(10) UNSIGNED NOT NULL,
  `name` text COLLATE utf8_unicode_ci NOT NULL,
  `description` text COLLATE utf8_unicode_ci NOT NULL,
  `from_date` datetime NOT NULL,
  `to_date` datetime NOT NULL,
  `created_at` timestamp NOT NULL DEFAULT '0000-00-00 00:00:00',
  `updated_at` timestamp NOT NULL DEFAULT '0000-00-00 00:00:00',
  `deleted_at` timestamp NULL DEFAULT NULL
) ENGINE=MyISAM DEFAULT CHARSET=utf8 COLLATE=utf8_unicode_ci;

--
-- Dumping data for table `events`
--

INSERT INTO `events` (`id`, `name`, `description`, `from_date`, `to_date`, `created_at`, `updated_at`, `deleted_at`) VALUES
(1, 'Amavasya', 'Amavasya', '2018-03-17 09:11:00', '2018-03-17 00:00:00', '2018-03-01 07:00:00', '2018-03-01 07:00:00', NULL),
(2, 'Poornima Holi', 'Poornima Choti Holi / Holikadahan', '2018-03-01 00:01:00', '2018-03-01 00:00:00', '2018-03-01 07:00:00', '2018-03-01 07:00:00', NULL),
(3, 'Sankata Hara Chaturthi', 'Sankata Hara Chaturthi', '2018-03-04 01:02:00', '2018-03-04 21:13:00', '2018-03-01 07:00:00', '2018-03-01 07:00:00', NULL),
(4, 'Ugadhi', 'Chithramaasa begins , Yugadi , Gudhi Padva , \"Vilmabi\" Savamstsara begins , Vasant Navratri Start', '2018-03-18 00:01:00', '2018-03-18 21:13:00', '2018-03-01 07:00:00', '2018-03-01 07:00:00', NULL),
(5, 'Rama navami', 'Rama navami', '2018-03-25 00:00:00', '2018-03-25 00:00:00', '2018-03-01 07:00:00', '2018-03-01 07:00:00', NULL),
(6, 'Ekadashi', 'Ekadashi', '2018-03-27 00:00:00', '2018-03-27 00:00:00', '2018-03-01 07:00:00', '0000-00-00 00:00:00', NULL),
(7, 'Chatra Poornima', 'Chatra Poornima', '2018-03-31 00:00:00', '2018-03-31 00:00:00', '2018-03-01 07:00:00', '0000-00-00 00:00:00', NULL);

-- --------------------------------------------------------

--
-- Table structure for table `folders`
--

CREATE TABLE `folders` (
  `id` int(10) UNSIGNED NOT NULL,
  `folder_name` varchar(255) COLLATE utf8_unicode_ci NOT NULL,
  `folder_display_attachment` varchar(255) COLLATE utf8_unicode_ci NOT NULL,
  `updated_by` int(11) NOT NULL,
  `created_by` int(11) NOT NULL,
  `created_at` timestamp NOT NULL DEFAULT '0000-00-00 00:00:00',
  `updated_at` timestamp NOT NULL DEFAULT '0000-00-00 00:00:00',
  `deleted_at` timestamp NULL DEFAULT NULL
) ENGINE=MyISAM DEFAULT CHARSET=utf8 COLLATE=utf8_unicode_ci;

--
-- Dumping data for table `folders`
--

INSERT INTO `folders` (`id`, `folder_name`, `folder_display_attachment`, `updated_by`, `created_by`, `created_at`, `updated_at`, `deleted_at`) VALUES
(1, 'Arati / Archana', 'siddhivinayak/image/folder/1/1522218932-IMG_0570.JPG', 1, 1, '2017-12-02 04:32:15', '2018-03-28 13:35:32', NULL),
(2, 'Hawan', 'siddhivinayak/image/folder/2/1522218968-IMG_0477.JPG', 1, 1, '2017-12-12 05:28:32', '2018-03-28 13:36:08', NULL),
(3, 'Abhisheka', 'siddhivinayak/image/folder/1522219362-IMG_0464.JPG', 0, 1, '2018-03-28 13:42:42', '2018-03-28 13:42:42', NULL),
(4, 'Ayyappan Pooja', 'siddhivinayak/image/folder/1524118591-IMG_20180415_104243.jpg', 1, 1, '2018-04-19 13:16:31', '2018-04-19 13:20:11', NULL),
(5, 'Inauguration - Day 1', 'siddhivinayak/image/folder/1528636701-IMG-20180609-WA0001.jpg', 0, 1, '2018-06-10 20:18:21', '2018-06-10 20:18:21', NULL),
(6, 'Inauguration - Day 2', 'siddhivinayak/image/folder/6/1530505606-WhatsApp Image 2018-06-25 at 7.00.46 PM.jpeg', 1, 1, '2018-06-10 20:24:10', '2018-07-02 11:26:46', NULL),
(7, 'Inauguration - Day 3', 'siddhivinayak/image/folder/1528696498-WhatsApp Image 2018-06-11 at 10.57.42 AM (1).jpeg', 1, 1, '2018-06-11 12:54:58', '2018-06-11 12:55:05', NULL),
(8, 'Murty Pratishthapana', 'siddhivinayak/image/folder/1528698719-WhatsApp Image 2018-06-09 at 5.44.48 PM.jpeg', 1, 1, '2018-06-11 13:31:59', '2018-06-11 13:34:18', NULL),
(9, 'Community Service', 'siddhivinayak/image/folder/1535807248-2.jpeg', 0, 1, '2018-09-01 20:07:28', '2018-09-01 20:07:28', NULL),
(10, 'Diwali Preparation', 'siddhivinayak/image/folder/1541413970-WhatsApp Image 2018-11-05 at 3.18.27 PM.jpeg', 0, 1, '2018-11-05 17:32:50', '2018-11-05 17:32:50', NULL),
(11, 'Diwali Celebration', 'siddhivinayak/image/folder/1541659415-IMG-20181108-WA0014.jpg', 0, 1, '2018-11-08 13:43:35', '2018-11-08 13:43:35', NULL),
(12, '1st year Anniversary - Dattatreya Mahayagya', 'siddhivinayak/image/folder/12/1560758909-WhatsApp Image 2019-06-16 at 5.32.55 PM (1).jpeg', 1, 1, '2019-06-17 12:06:37', '2019-06-17 12:08:29', NULL),
(13, '1st year Anniversary - Cultural Program', 'siddhivinayak/image/folder/1560761059-cultural program (6).jpeg', 0, 1, '2019-06-17 12:44:19', '2019-06-17 12:44:19', NULL),
(14, 'Ganesha Utsav 2019 - Puja ', 'siddhivinayak/image/folder/14/1568791451-2.jpeg', 1, 1, '2019-09-16 15:46:11', '2019-09-18 11:24:11', NULL);

-- --------------------------------------------------------

--
-- Table structure for table `galleries`
--

CREATE TABLE `galleries` (
  `id` int(10) UNSIGNED NOT NULL,
  `folder_id` int(11) NOT NULL,
  `gallery_name` varchar(255) COLLATE utf8_unicode_ci NOT NULL,
  `gallery_display_attachment` varchar(255) COLLATE utf8_unicode_ci NOT NULL,
  `push_pull_flag` int(11) NOT NULL,
  `updated_by` int(11) NOT NULL,
  `created_by` int(11) NOT NULL,
  `created_at` timestamp NOT NULL DEFAULT '0000-00-00 00:00:00',
  `updated_at` timestamp NOT NULL DEFAULT '0000-00-00 00:00:00',
  `deleted_at` timestamp NULL DEFAULT NULL
) ENGINE=MyISAM DEFAULT CHARSET=utf8 COLLATE=utf8_unicode_ci;

--
-- Dumping data for table `galleries`
--

INSERT INTO `galleries` (`id`, `folder_id`, `gallery_name`, `gallery_display_attachment`, `push_pull_flag`, `updated_by`, `created_by`, `created_at`, `updated_at`, `deleted_at`) VALUES
(1, 1, 'Aarti', 'siddhivinayak/image/gallery/1/1522219417-IMG_0570.JPG', 1, 1, 1, '2017-12-02 05:07:54', '2018-03-28 13:43:37', NULL),
(2, 1, 'Arati', 'siddhivinayak/image/gallery/2/1522219441-IMG_0575.JPG', 1, 1, 1, '2017-12-02 07:09:21', '2018-03-28 13:44:01', NULL),
(4, 1, 'Arati', 'siddhivinayak/image/gallery/4/1522219460-IMG_0576.JPG', 1, 1, 1, '2017-12-02 07:14:26', '2018-03-28 13:55:20', NULL),
(5, 3, 'Ahishekha', 'siddhivinayak/image/gallery/5/1522220183-IMG_0464.JPG', 1, 0, 1, '2018-03-28 13:56:23', '2018-03-28 13:56:23', NULL),
(6, 3, 'Ahishekha', 'siddhivinayak/image/gallery/6/1522220220-IMG_0447.JPG', 1, 0, 1, '2018-03-28 13:57:00', '2018-03-28 13:57:00', NULL),
(7, 3, 'Ahishekha', 'siddhivinayak/image/gallery/7/1522220281-IMG_0455.JPG', 1, 0, 1, '2018-03-28 13:58:01', '2018-03-28 13:58:01', NULL),
(8, 2, 'Homa Hawan', 'siddhivinayak/image/gallery/8/1522220351-IMG_0477.JPG', 1, 0, 1, '2018-03-28 13:59:11', '2018-03-28 13:59:11', NULL),
(9, 2, 'Homa Hawan', 'siddhivinayak/image/gallery/9/1522220385-IMG_0481.JPG', 1, 0, 1, '2018-03-28 13:59:45', '2018-03-28 13:59:45', NULL),
(10, 2, 'Homa Hawan', 'siddhivinayak/image/gallery/10/1522220411-IMG_0487.JPG', 1, 0, 1, '2018-03-28 14:00:11', '2018-03-28 14:00:11', NULL),
(11, 2, 'Homa Hawan', 'siddhivinayak/image/gallery/11/1522220579-IMG_0514.JPG', 1, 0, 1, '2018-03-28 14:02:59', '2018-03-28 14:02:59', NULL),
(12, 4, 'Ayyappan Pooja', 'siddhivinayak/image/gallery/12/1524118896-IMG_20180415_104243.jpg', 1, 0, 1, '2018-04-19 13:21:36', '2018-04-19 13:21:36', NULL),
(13, 4, 'Ayyappan Pooja', 'siddhivinayak/image/gallery/13/1524118915-IMG_20180415_102222.jpg', 1, 0, 1, '2018-04-19 13:21:55', '2018-04-19 13:21:55', NULL),
(14, 4, 'Ayyappan Pooja', 'siddhivinayak/image/gallery/14/1524118939-IMG_20180415_103925.jpg', 1, 0, 1, '2018-04-19 13:22:19', '2018-04-19 13:22:22', NULL),
(15, 4, 'Ayyappan Pooja', 'siddhivinayak/image/gallery/15/1524118965-IMG_20180415_105645.jpg', 1, 0, 1, '2018-04-19 13:22:45', '2018-04-19 13:22:45', NULL),
(16, 4, 'Ayyappan Pooja', 'siddhivinayak/image/gallery/16/1524118982-IMG_20180415_105722_1.jpg', 1, 0, 1, '2018-04-19 13:23:02', '2018-04-19 13:23:02', NULL),
(17, 4, 'Ayyappan Pooja', 'siddhivinayak/image/gallery/17/1524119006-IMG_20180415_112812.jpg', 1, 0, 1, '2018-04-19 13:23:26', '2018-04-19 13:23:28', NULL),
(18, 4, 'Ayyappan Pooja', 'siddhivinayak/image/gallery/18/1524119059-IMG_20180415_125457.jpg', 1, 0, 1, '2018-04-19 13:24:19', '2018-04-19 13:24:19', NULL),
(19, 4, 'Ayyappan Pooja', 'siddhivinayak/image/gallery/19/1524119073-IMG_20180415_125529.jpg', 1, 0, 1, '2018-04-19 13:24:33', '2018-04-19 13:24:36', NULL),
(20, 4, 'Ayyappan Pooja', 'siddhivinayak/image/gallery/20/1524119149-IMG_20180415_140104.jpg', 1, 0, 1, '2018-04-19 13:25:49', '2018-04-19 13:25:49', NULL),
(21, 4, 'Ayyappan Pooja', 'siddhivinayak/image/gallery/21/1524119221-IMG_20180415_140135.jpg', 1, 0, 1, '2018-04-19 13:27:01', '2018-04-19 13:27:01', NULL),
(22, 5, 'Inauguration', 'siddhivinayak/image/gallery/22/1528636751-IMG-20180609-WA0011.jpg', 1, 1, 1, '2018-06-10 20:19:11', '2018-06-11 12:00:45', NULL),
(23, 5, 'Inauguration', 'siddhivinayak/image/gallery/23/1528636794-IMG-20180609-WA0012.jpg', 1, 1, 1, '2018-06-10 20:19:54', '2018-06-11 12:00:58', NULL),
(24, 5, '3', 'siddhivinayak/image/gallery/24/1528636824-IMG-20180609-WA0013.jpg', 1, 0, 1, '2018-06-10 20:20:24', '2018-06-10 20:20:24', NULL),
(25, 5, '4', 'siddhivinayak/image/gallery/25/1528636850-IMG-20180609-WA0014.jpg', 1, 0, 1, '2018-06-10 20:20:50', '2018-06-10 20:20:50', NULL),
(26, 5, '5', 'siddhivinayak/image/gallery/26/1528636877-IMG-20180609-WA0015.jpg', 1, 0, 1, '2018-06-10 20:21:17', '2018-06-10 20:21:17', NULL),
(27, 6, '1', 'siddhivinayak/image/gallery/27/1528637123-IMG-20180610-WA0016.jpg', 1, 0, 1, '2018-06-10 20:25:23', '2018-06-10 20:25:23', NULL),
(28, 6, '2', 'siddhivinayak/image/gallery/28/1528637158-IMG-20180610-WA0019.jpg', 1, 0, 1, '2018-06-10 20:25:58', '2018-06-10 20:25:58', NULL),
(29, 6, '3', 'siddhivinayak/image/gallery/29/1528637186-IMG-20180610-WA0014.jpg', 1, 0, 1, '2018-06-10 20:26:26', '2018-06-10 20:26:26', NULL),
(30, 6, '6', 'siddhivinayak/image/gallery/30/1528637281-IMG-20180610-WA0016.jpg', 1, 1, 1, '2018-06-10 20:28:01', '2018-06-10 20:30:17', NULL),
(31, 6, '4', 'siddhivinayak/image/gallery/31/1528637305-IMG-20180610-WA0021.jpg', 1, 0, 1, '2018-06-10 20:28:25', '2018-06-10 20:28:25', NULL),
(32, 6, '5', 'siddhivinayak/image/gallery/32/1528637336-IMG-20180610-WA0017.jpg', 1, 0, 1, '2018-06-10 20:28:56', '2018-06-10 20:28:56', NULL),
(33, 6, '7', 'siddhivinayak/image/gallery/33/1528637400-IMG-20180610-WA0025.jpg', 1, 0, 1, '2018-06-10 20:30:00', '2018-06-10 20:30:00', NULL),
(34, 6, '8', 'siddhivinayak/image/gallery/34/1528637468-IMG-20180610-WA0027.jpg', 1, 0, 1, '2018-06-10 20:31:08', '2018-06-10 20:31:08', NULL),
(35, 6, '9', 'siddhivinayak/image/gallery/35/1528637503-IMG-20180610-WA0032.jpg', 1, 0, 1, '2018-06-10 20:31:43', '2018-06-10 20:31:43', NULL),
(36, 6, '10', 'siddhivinayak/image/gallery/36/1528637524-IMG-20180610-WA0025.jpg', 1, 0, 1, '2018-06-10 20:32:04', '2018-06-10 20:32:04', NULL),
(37, 6, 'CD Release', 'siddhivinayak/image/gallery/37/1528637613-IMG-20180610-WA0026.jpg', 1, 0, 1, '2018-06-10 20:33:33', '2018-06-10 20:33:33', NULL),
(38, 5, '6', 'siddhivinayak/image/gallery/38/1528639514-IMG-20180609-WA0038.jpg', 1, 0, 1, '2018-06-10 21:05:14', '2018-06-10 21:05:14', NULL),
(39, 7, 'Inauguration - Day 3', 'siddhivinayak/image/gallery/39/1528696522-WhatsApp Image 2018-06-11 at 10.57.42 AM (1).jpeg', 1, 0, 1, '2018-06-11 12:55:22', '2018-06-11 12:55:22', NULL),
(40, 7, 'Inauguration - Day 3', 'siddhivinayak/image/gallery/40/1529934692-WhatsApp Image 2018-06-25 at 7.00.46 PM.jpeg', 1, 1, 1, '2018-06-11 12:55:38', '2018-06-25 20:51:32', NULL),
(41, 7, 'Inauguration - Day 3', 'siddhivinayak/image/gallery/41/1528696556-WhatsApp Image 2018-06-11 at 10.57.43 AM.jpeg', 1, 0, 1, '2018-06-11 12:55:56', '2018-06-11 12:55:56', NULL),
(42, 8, 'Pratishthapana', 'siddhivinayak/image/gallery/42/1528698735-WhatsApp Image 2018-06-09 at 5.44.48 PM.jpeg', 1, 1, 1, '2018-06-11 13:32:15', '2018-06-11 13:34:50', NULL),
(43, 8, 'Pratishthapana', 'siddhivinayak/image/gallery/43/1528698751-WhatsApp Image 2018-06-09 at 5.44.54 PM.jpeg', 1, 1, 1, '2018-06-11 13:32:31', '2018-06-11 13:34:58', NULL),
(44, 8, 'Pratishthapana', 'siddhivinayak/image/gallery/44/1528698766-WhatsApp Image 2018-06-09 at 5.44.52 PM.jpeg', 1, 1, 1, '2018-06-11 13:32:46', '2018-06-11 13:35:08', NULL),
(45, 8, 'Pratishthapana', 'siddhivinayak/image/gallery/45/1528698977-WhatsApp Image 2018-06-09 at 5.44.47 PM (1).jpeg', 1, 0, 1, '2018-06-11 13:36:17', '2018-06-11 13:36:17', NULL),
(46, 8, 'Pratishthapana', 'siddhivinayak/image/gallery/46/1528698998-WhatsApp Image 2018-06-09 at 5.44.46 PM.jpeg', 1, 0, 1, '2018-06-11 13:36:38', '2018-06-11 13:36:38', NULL),
(47, 5, 'Inauguration', 'siddhivinayak/image/gallery/47/1529934465-WhatsApp Image 2018-06-25 at 7.00.58 PM.jpeg', 1, 0, 1, '2018-06-25 20:47:45', '2018-06-25 20:47:45', NULL),
(48, 5, 'Inauguration', 'siddhivinayak/image/gallery/48/1529934544-WhatsApp Image 2018-06-25 at 7.01.00 PM.jpeg', 1, 0, 1, '2018-06-25 20:49:04', '2018-06-25 20:49:04', NULL),
(49, 8, 'Inauguration ', 'siddhivinayak/image/gallery/49/1529934559-WhatsApp Image 2018-06-25 at 7.00.42 PM.jpeg', 1, 0, 1, '2018-06-25 20:49:19', '2018-06-25 20:49:19', NULL),
(50, 6, 'Inauguration ', 'siddhivinayak/image/gallery/50/1529934582-WhatsApp Image 2018-06-25 at 7.01.01 PM.jpeg', 1, 0, 1, '2018-06-25 20:49:42', '2018-06-25 20:49:42', NULL),
(51, 6, 'Inauguration ', 'siddhivinayak/image/gallery/51/1529934602-WhatsApp Image 2018-06-25 at 7.00.50 PM.jpeg', 1, 0, 1, '2018-06-25 20:50:02', '2018-06-25 20:50:02', NULL),
(52, 7, 'Inauguration ', 'siddhivinayak/image/gallery/52/1529934617-WhatsApp Image 2018-06-25 at 7.00.59 PM.jpeg', 1, 0, 1, '2018-06-25 20:50:17', '2018-06-25 20:50:17', NULL),
(53, 6, 'Inauguration', 'siddhivinayak/image/gallery/53/1530504617-WhatsApp Image 2018-06-25 at 7.00.46 PM.jpeg', 1, 0, 1, '2018-07-02 11:10:17', '2018-07-02 11:10:17', NULL),
(54, 6, 'Inauguration', 'siddhivinayak/image/gallery/54/1530504667-WhatsApp Image 2018-06-25 at 7.00.48 PM (1).jpeg', 1, 0, 1, '2018-07-02 11:11:07', '2018-07-02 11:11:07', NULL),
(55, 6, 'Inauguration', 'siddhivinayak/image/gallery/55/1530504694-WhatsApp Image 2018-06-25 at 7.00.49 PM (1).jpeg', 1, 0, 1, '2018-07-02 11:11:34', '2018-07-02 11:11:34', NULL),
(56, 6, 'Inauguration ', 'siddhivinayak/image/gallery/56/1530504717-WhatsApp Image 2018-06-25 at 7.00.49 PM.jpeg', 1, 0, 1, '2018-07-02 11:11:57', '2018-07-02 11:11:57', NULL),
(57, 6, 'Inauguration', 'siddhivinayak/image/gallery/57/1530504840-WhatsApp Image 2018-06-25 at 7.00.57 PM.jpeg', 1, 0, 1, '2018-07-02 11:14:00', '2018-07-02 11:14:00', NULL),
(58, 6, 'Inauguration', 'siddhivinayak/image/gallery/58/1530505201-WhatsApp Image 2018-06-20 at 4.53.06 PM (1).jpeg', 1, 0, 1, '2018-07-02 11:20:01', '2018-07-02 11:20:01', NULL),
(59, 6, 'Inauguration', 'siddhivinayak/image/gallery/59/1530505215-WhatsApp Image 2018-06-20 at 4.53.06 PM.jpeg', 1, 0, 1, '2018-07-02 11:20:15', '2018-07-02 11:20:15', NULL),
(60, 6, 'Inauguration', 'siddhivinayak/image/gallery/60/1530505238-WhatsApp Image 2018-06-20 at 4.53.10 PM (1).jpeg', 1, 0, 1, '2018-07-02 11:20:38', '2018-07-02 11:20:38', NULL),
(61, 7, 'Inauguration', 'siddhivinayak/image/gallery/61/1530507657-WhatsApp Image 2018-07-02 at 10.20.32 AM.jpeg', 1, 0, 1, '2018-07-02 12:00:57', '2018-07-02 12:00:57', NULL),
(62, 9, 'Bags for Kids', 'siddhivinayak/image/gallery/62/1535807281-3.jpeg', 1, 0, 1, '2018-09-01 20:08:01', '2018-09-01 20:08:01', NULL),
(63, 9, 'Community Service', 'siddhivinayak/image/gallery/63/1535807350-1.jpeg', 1, 0, 1, '2018-09-01 20:09:10', '2018-09-01 20:09:10', NULL),
(64, 9, 'Bags for Kids', 'siddhivinayak/image/gallery/64/1535807360-4.jpeg', 1, 0, 1, '2018-09-01 20:09:20', '2018-09-01 20:09:20', NULL),
(65, 9, 'Happy Happy', 'siddhivinayak/image/gallery/65/1535807373-2.jpeg', 1, 0, 1, '2018-09-01 20:09:33', '2018-09-01 20:09:33', NULL),
(66, 9, 'Community Service', 'siddhivinayak/image/gallery/66/1535807385-5.jpeg', 1, 0, 1, '2018-09-01 20:09:45', '2018-09-01 20:09:45', NULL),
(67, 9, 'Give back to Society', 'siddhivinayak/image/gallery/67/1535807407-6.jpeg', 1, 0, 1, '2018-09-01 20:10:07', '2018-09-01 20:10:07', NULL),
(68, 9, 'Contribution to Society', 'siddhivinayak/image/gallery/68/1535807433-7.jpeg', 1, 0, 1, '2018-09-01 20:10:33', '2018-09-01 20:10:33', NULL),
(69, 10, 'Diwali Preparation', 'siddhivinayak/image/gallery/69/1541414008-WhatsApp Image 2018-11-05 at 3.18.27 PM.jpeg', 1, 0, 1, '2018-11-05 17:33:28', '2018-11-05 17:33:28', NULL),
(70, 10, 'Diwali Preparation', 'siddhivinayak/image/gallery/70/1541414021-WhatsApp Image 2018-11-05 at 3.18.27 PM (1).jpeg', 1, 0, 1, '2018-11-05 17:33:41', '2018-11-05 17:33:41', NULL),
(71, 10, 'Diwali Preparation', 'siddhivinayak/image/gallery/71/1541414034-WhatsApp Image 2018-11-05 at 3.18.28 PM.jpeg', 1, 0, 1, '2018-11-05 17:33:54', '2018-11-05 17:33:54', NULL),
(72, 10, 'Diwali Preparation', 'siddhivinayak/image/gallery/72/1541414047-WhatsApp Image 2018-11-05 at 3.18.28 PM (1).jpeg', 1, 0, 1, '2018-11-05 17:34:07', '2018-11-05 17:34:07', NULL),
(73, 10, 'Diwali Preparation', 'siddhivinayak/image/gallery/73/1541414058-WhatsApp Image 2018-11-05 at 3.18.29 PM.jpeg', 1, 0, 1, '2018-11-05 17:34:18', '2018-11-05 17:34:18', NULL),
(74, 10, 'Diwali Preparation', 'siddhivinayak/image/gallery/74/1541414080-WhatsApp Image 2018-11-05 at 3.18.30 PM.jpeg', 1, 0, 1, '2018-11-05 17:34:40', '2018-11-05 17:34:40', NULL),
(75, 10, 'Diwali Preparation', 'siddhivinayak/image/gallery/75/1541414094-WhatsApp Image 2018-11-05 at 3.18.30 PM (1).jpeg', 1, 0, 1, '2018-11-05 17:34:54', '2018-11-05 17:34:54', NULL),
(76, 10, 'Diwali Preparation', 'siddhivinayak/image/gallery/76/1541414109-WhatsApp Image 2018-11-05 at 3.18.30 PM (2).jpeg', 1, 0, 1, '2018-11-05 17:35:09', '2018-11-05 17:35:09', NULL),
(77, 10, 'Diwali Preparation', 'siddhivinayak/image/gallery/77/1541414132-WhatsApp Image 2018-11-05 at 3.18.33 PM.jpeg', 1, 0, 1, '2018-11-05 17:35:32', '2018-11-05 17:35:32', NULL),
(78, 10, 'Diwali Preparation', 'siddhivinayak/image/gallery/78/1541414142-WhatsApp Image 2018-11-05 at 3.18.32 PM.jpeg', 1, 0, 1, '2018-11-05 17:35:42', '2018-11-05 17:35:42', NULL),
(79, 10, 'Diwali Preparation', 'siddhivinayak/image/gallery/79/1541414156-WhatsApp Image 2018-11-05 at 3.18.31 PM (1).jpeg', 1, 0, 1, '2018-11-05 17:35:56', '2018-11-05 17:35:56', NULL),
(80, 10, 'Diwali Preparation', 'siddhivinayak/image/gallery/80/1541414210-WhatsApp Image 2018-11-05 at 3.18.31 PM.jpeg', 1, 0, 1, '2018-11-05 17:36:50', '2018-11-05 17:36:50', NULL),
(81, 11, '1', 'siddhivinayak/image/gallery/81/1541659486-IMG-20181108-WA0038.jpg', 1, 0, 1, '2018-11-08 13:44:46', '2018-11-08 13:44:46', NULL),
(82, 11, '2', 'siddhivinayak/image/gallery/82/1541659582-IMG-20181108-WA0039.jpg', 1, 1, 1, '2018-11-08 13:46:22', '2018-11-08 13:47:05', NULL),
(83, 11, '3', 'siddhivinayak/image/gallery/83/1541660930-WhatsApp Image 2018-11-08 at 9.10.41 AM (1).jpeg', 1, 0, 1, '2018-11-08 14:08:50', '2018-11-08 14:08:50', NULL),
(84, 11, '4', 'siddhivinayak/image/gallery/84/1541661150-WhatsApp Image 2018-11-08 at 9.10.41 AM.jpeg', 1, 0, 1, '2018-11-08 14:12:30', '2018-11-08 14:12:30', NULL),
(85, 11, '5', 'siddhivinayak/image/gallery/85/1541661220-WhatsApp Image 2018-11-08 at 9.10.42 AM (1).jpeg', 1, 0, 1, '2018-11-08 14:13:40', '2018-11-08 14:13:40', NULL),
(86, 11, '6', 'siddhivinayak/image/gallery/86/1541661235-WhatsApp Image 2018-11-08 at 9.10.42 AM (2).jpeg', 1, 0, 1, '2018-11-08 14:13:55', '2018-11-08 14:13:55', NULL),
(87, 11, '7', 'siddhivinayak/image/gallery/87/1541661251-WhatsApp Image 2018-11-08 at 9.10.42 AM (3).jpeg', 1, 0, 1, '2018-11-08 14:14:11', '2018-11-08 14:14:11', NULL),
(88, 11, '8', 'siddhivinayak/image/gallery/88/1541661266-WhatsApp Image 2018-11-08 at 9.10.42 AM (4).jpeg', 1, 0, 1, '2018-11-08 14:14:26', '2018-11-08 14:14:26', NULL),
(89, 11, '9', 'siddhivinayak/image/gallery/89/1541661295-WhatsApp Image 2018-11-08 at 9.10.42 AM (5).jpeg', 1, 0, 1, '2018-11-08 14:14:55', '2018-11-08 14:14:55', NULL),
(90, 11, '10', 'siddhivinayak/image/gallery/90/1541661319-WhatsApp Image 2018-11-08 at 9.10.42 AM (7).jpeg', 1, 0, 1, '2018-11-08 14:15:19', '2018-11-08 14:15:19', NULL),
(91, 11, '11', 'siddhivinayak/image/gallery/91/1541661332-WhatsApp Image 2018-11-08 at 9.10.42 AM.jpeg', 1, 0, 1, '2018-11-08 14:15:32', '2018-11-08 14:15:32', NULL),
(92, 11, '12', 'siddhivinayak/image/gallery/92/1541661345-WhatsApp Image 2018-11-08 at 9.10.43 AM (1).jpeg', 1, 0, 1, '2018-11-08 14:15:45', '2018-11-08 14:15:45', NULL),
(93, 11, '13', 'siddhivinayak/image/gallery/93/1541661358-WhatsApp Image 2018-11-08 at 9.10.43 AM (2).jpeg', 1, 0, 1, '2018-11-08 14:15:58', '2018-11-08 14:15:58', NULL),
(94, 11, '14', 'siddhivinayak/image/gallery/94/1541661371-WhatsApp Image 2018-11-08 at 9.10.43 AM (3).jpeg', 1, 0, 1, '2018-11-08 14:16:11', '2018-11-08 14:16:11', NULL),
(95, 11, '15', 'siddhivinayak/image/gallery/95/1541661396-WhatsApp Image 2018-11-08 at 9.10.43 AM (4).jpeg', 1, 0, 1, '2018-11-08 14:16:36', '2018-11-08 14:16:36', NULL),
(96, 11, '16', 'siddhivinayak/image/gallery/96/1541661518-WhatsApp Image 2018-11-08 at 9.10.43 AM (5).jpeg', 1, 0, 1, '2018-11-08 14:18:38', '2018-11-08 14:18:38', NULL),
(97, 11, '17', 'siddhivinayak/image/gallery/97/1541661535-WhatsApp Image 2018-11-08 at 9.10.43 AM (6).jpeg', 1, 0, 1, '2018-11-08 14:18:55', '2018-11-08 14:18:55', NULL),
(98, 11, '18', 'siddhivinayak/image/gallery/98/1541661552-WhatsApp Image 2018-11-08 at 9.10.43 AM (7).jpeg', 1, 0, 1, '2018-11-08 14:19:12', '2018-11-08 14:19:12', NULL),
(99, 11, '19', 'siddhivinayak/image/gallery/99/1541661574-WhatsApp Image 2018-11-08 at 9.10.43 AM.jpeg', 1, 0, 1, '2018-11-08 14:19:34', '2018-11-08 14:19:34', NULL),
(100, 11, '20', 'siddhivinayak/image/gallery/100/1541661596-WhatsApp Image 2018-11-08 at 9.10.44 AM (1).jpeg', 1, 0, 1, '2018-11-08 14:19:56', '2018-11-08 14:19:56', NULL),
(101, 11, '21', 'siddhivinayak/image/gallery/101/1541661636-WhatsApp Image 2018-11-08 at 9.10.44 AM (1).jpeg', 1, 0, 1, '2018-11-08 14:20:36', '2018-11-08 14:20:36', NULL),
(102, 11, '22', 'siddhivinayak/image/gallery/102/1541661651-WhatsApp Image 2018-11-08 at 9.10.44 AM (2).jpeg', 1, 0, 1, '2018-11-08 14:20:51', '2018-11-08 14:20:51', NULL),
(103, 11, '23', 'siddhivinayak/image/gallery/103/1541661664-WhatsApp Image 2018-11-08 at 9.10.44 AM (3).jpeg', 1, 0, 1, '2018-11-08 14:21:04', '2018-11-08 14:21:04', NULL),
(104, 11, '24', 'siddhivinayak/image/gallery/104/1541661680-WhatsApp Image 2018-11-08 at 9.10.44 AM.jpeg', 1, 0, 1, '2018-11-08 14:21:20', '2018-11-08 14:21:20', NULL),
(105, 11, '25', 'siddhivinayak/image/gallery/105/1541661694-WhatsApp Image 2018-11-08 at 11.08.10 AM (1).jpeg', 1, 0, 1, '2018-11-08 14:21:34', '2018-11-08 14:21:34', NULL),
(106, 11, '26', 'siddhivinayak/image/gallery/106/1541661708-WhatsApp Image 2018-11-08 at 11.08.10 AM.jpeg', 1, 0, 1, '2018-11-08 14:21:48', '2018-11-08 14:21:48', NULL),
(107, 11, '28', 'siddhivinayak/image/gallery/107/1541661857-WhatsApp Image 2018-11-08 at 11.08.11 AM (2).jpeg', 1, 0, 1, '2018-11-08 14:24:17', '2018-11-08 14:24:17', NULL),
(108, 11, '29', 'siddhivinayak/image/gallery/108/1541661878-WhatsApp Image 2018-11-08 at 11.08.11 AM (3).jpeg', 1, 0, 1, '2018-11-08 14:24:38', '2018-11-08 14:24:38', NULL),
(109, 11, '30', 'siddhivinayak/image/gallery/109/1541661906-WhatsApp Image 2018-11-08 at 11.08.11 AM (4).jpeg', 1, 0, 1, '2018-11-08 14:25:06', '2018-11-08 14:25:06', NULL),
(110, 11, '31', 'siddhivinayak/image/gallery/110/1541661918-WhatsApp Image 2018-11-08 at 11.08.11 AM (5).jpeg', 1, 0, 1, '2018-11-08 14:25:18', '2018-11-08 14:25:18', NULL),
(111, 11, '32', 'siddhivinayak/image/gallery/111/1541661973-WhatsApp Image 2018-11-08 at 11.08.11 AM (6).jpeg', 1, 0, 1, '2018-11-08 14:26:13', '2018-11-08 14:26:13', NULL),
(112, 11, '33', 'siddhivinayak/image/gallery/112/1541661987-WhatsApp Image 2018-11-08 at 11.08.11 AM.jpeg', 1, 0, 1, '2018-11-08 14:26:27', '2018-11-08 14:26:27', NULL),
(113, 11, 'Diwali Celebration', 'siddhivinayak/image/gallery/113/1542005054-WhatsApp Image 2018-11-12 at 12.07.27 PM (1).jpeg', 1, 0, 1, '2018-11-12 13:44:14', '2018-11-12 13:44:14', NULL),
(114, 11, 'Diwali Celebration', 'siddhivinayak/image/gallery/114/1542005086-WhatsApp Image 2018-11-12 at 12.07.27 PM.jpeg', 1, 0, 1, '2018-11-12 13:44:46', '2018-11-12 13:44:46', NULL),
(115, 11, 'Diwali Celebration', 'siddhivinayak/image/gallery/115/1542005097-WhatsApp Image 2018-11-12 at 12.07.26 PM (1).jpeg', 1, 0, 1, '2018-11-12 13:44:57', '2018-11-12 13:44:57', NULL),
(116, 11, 'Diwali Celebration', 'siddhivinayak/image/gallery/116/1542005108-WhatsApp Image 2018-11-12 at 12.07.26 PM.jpeg', 1, 0, 1, '2018-11-12 13:45:08', '2018-11-12 13:45:08', NULL),
(117, 12, 'Yaga', 'siddhivinayak/image/gallery/117/1560759219-yaga (1).jpeg', 1, 0, 1, '2019-06-17 12:13:39', '2019-06-17 12:13:39', NULL),
(118, 12, '2', 'siddhivinayak/image/gallery/118/1560759256-yaga (2).jpeg', 1, 0, 1, '2019-06-17 12:14:16', '2019-06-17 12:14:16', NULL),
(119, 12, 'Preparation', 'siddhivinayak/image/gallery/119/1560759818-yaga (5).jpeg', 1, 0, 1, '2019-06-17 12:23:38', '2019-06-17 12:23:38', NULL),
(120, 12, 'Group', 'siddhivinayak/image/gallery/120/1560759907-yaga (6).jpeg', 1, 0, 1, '2019-06-17 12:25:07', '2019-06-17 12:25:07', NULL),
(121, 12, 'Havan', 'siddhivinayak/image/gallery/121/1560759948-yaga (7).jpeg', 1, 0, 1, '2019-06-17 12:25:48', '2019-06-17 12:25:48', NULL),
(122, 12, 'Addressing the Gathering', 'siddhivinayak/image/gallery/122/1560760519-yaga (2).jpeg', 1, 0, 1, '2019-06-17 12:35:19', '2019-06-17 12:35:19', NULL),
(123, 12, 'Lord Ganesha', 'siddhivinayak/image/gallery/123/1560760558-yaga (10).jpeg', 1, 0, 1, '2019-06-17 12:35:58', '2019-06-17 12:35:58', NULL),
(124, 12, 'Goddess', 'siddhivinayak/image/gallery/124/1560760601-yaga (12).jpeg', 1, 0, 1, '2019-06-17 12:36:41', '2019-06-17 12:36:41', NULL),
(125, 12, 'Sri Sainath', 'siddhivinayak/image/gallery/125/1560760640-yaga (13).jpeg', 1, 0, 1, '2019-06-17 12:37:20', '2019-06-17 12:37:20', NULL),
(126, 12, 'Goddess .', 'siddhivinayak/image/gallery/126/1560760680-yaga (15).jpeg', 1, 0, 1, '2019-06-17 12:38:00', '2019-06-17 12:38:00', NULL),
(127, 12, 'Lord Shiva', 'siddhivinayak/image/gallery/127/1560760716-yaga (14).jpeg', 1, 0, 1, '2019-06-17 12:38:36', '2019-06-17 12:38:36', NULL),
(128, 12, 'Stage Preparation ', 'siddhivinayak/image/gallery/128/1560760856-yaga (17).jpeg', 1, 0, 1, '2019-06-17 12:40:56', '2019-06-17 12:40:56', NULL),
(129, 12, 'Preparation.', 'siddhivinayak/image/gallery/129/1560760923-yaga (16).jpeg', 1, 0, 1, '2019-06-17 12:42:03', '2019-06-17 12:42:03', NULL),
(130, 12, 'Our Group', 'siddhivinayak/image/gallery/130/1560760966-yaga (18).jpeg', 1, 0, 1, '2019-06-17 12:42:46', '2019-06-17 12:42:46', NULL),
(131, 12, 'Prayer', 'siddhivinayak/image/gallery/131/1560761003-Yaga2.jpeg', 1, 0, 1, '2019-06-17 12:43:23', '2019-06-17 12:43:23', NULL),
(132, 13, '1', 'siddhivinayak/image/gallery/132/1560761088-cultural program (1).jpeg', 1, 0, 1, '2019-06-17 12:44:48', '2019-06-17 12:44:48', NULL),
(133, 13, '2', 'siddhivinayak/image/gallery/133/1560761114-cultural program (2).jpeg', 1, 0, 1, '2019-06-17 12:45:14', '2019-06-17 12:45:14', NULL),
(134, 13, '3', 'siddhivinayak/image/gallery/134/1560761140-cultural program (3).jpeg', 1, 0, 1, '2019-06-17 12:45:40', '2019-06-17 12:45:40', NULL),
(135, 13, '4', 'siddhivinayak/image/gallery/135/1560761172-cultural program (4).jpeg', 1, 0, 1, '2019-06-17 12:46:12', '2019-06-17 12:46:12', NULL),
(136, 13, '5', 'siddhivinayak/image/gallery/136/1560761210-cultural program (5).jpeg', 1, 0, 1, '2019-06-17 12:46:50', '2019-06-17 12:46:50', NULL),
(137, 13, '7', 'siddhivinayak/image/gallery/137/1560761238-cultural program (10).jpeg', 1, 0, 1, '2019-06-17 12:47:18', '2019-06-17 12:47:18', NULL),
(138, 13, '9', 'siddhivinayak/image/gallery/138/1560761269-cultural program (9).jpeg', 1, 0, 1, '2019-06-17 12:47:49', '2019-06-17 12:47:49', NULL),
(139, 14, 'Ganesha Utsav Puja', 'siddhivinayak/image/gallery/139/1568791612-1.jpeg', 1, 1, 1, '2019-09-16 15:46:54', '2019-09-18 11:26:52', NULL),
(140, 14, 'Ganesha Utsav Puja', 'siddhivinayak/image/gallery/140/1568634434-2.jpeg', 1, 0, 1, '2019-09-16 15:47:14', '2019-09-16 15:47:14', NULL),
(141, 14, 'Ganesha Utsav Puja', 'siddhivinayak/image/gallery/141/1568634453-3.jpeg', 1, 0, 1, '2019-09-16 15:47:33', '2019-09-16 15:47:33', NULL);

-- --------------------------------------------------------

--
-- Table structure for table `migrations`
--

CREATE TABLE `migrations` (
  `migration` varchar(255) COLLATE utf8_unicode_ci NOT NULL,
  `batch` int(11) NOT NULL
) ENGINE=InnoDB DEFAULT CHARSET=utf8 COLLATE=utf8_unicode_ci;

--
-- Dumping data for table `migrations`
--

INSERT INTO `migrations` (`migration`, `batch`) VALUES
('2017_04_14_050916_create_news_table', 1),
('2017_04_14_052123_create_users_table', 1),
('2017_04_19_102750_create_career_table', 1),
('2017_08_01_055133_create_category_table', 2),
('2017_08_01_094631_create_home_slider_table', 2),
('2017_08_01_111549_create_item_table', 2),
('2017_08_01_111835_create_item_specification_table', 2),
('2017_08_01_112016_create_item_attachments_table', 2),
('2017_08_01_133830_add_column_category_item_table', 2),
('2017_08_02_115907_drop_column_descripti_item_table', 3),
('2017_08_02_120055_add_column_descri_item_table', 3),
('2017_08_02_125633_datatype_change_link_item_table', 3),
('2017_08_07_045819_create_sub_categories_table', 3),
('2017_08_07_060608_add_column_model_number_item_table', 3),
('2017_11_30_124147_create_folders_table', 4),
('2017_11_30_125337_create_galleries_table', 5),
('2017_12_05_072437_create_table_counter', 6),
('2018_01_09_071636_create_subscribes_table', 7),
('2018_02_27_043220_create_table_events', 8);

-- --------------------------------------------------------

--
-- Table structure for table `sankalpa`
--

CREATE TABLE `sankalpa` (
  `id` int(11) NOT NULL,
  `name` varchar(255) NOT NULL,
  `gotra` varchar(255) NOT NULL,
  `nakshatra` varchar(255) NOT NULL,
  `rashi` varchar(255) NOT NULL,
  `email` varchar(255) NOT NULL,
  `phone_number` varchar(255) NOT NULL,
  `updated_by` varchar(255) NOT NULL,
  `created_by` varchar(255) NOT NULL,
  `deleted_at` timestamp NULL DEFAULT NULL,
  `created_at` timestamp NOT NULL DEFAULT '0000-00-00 00:00:00',
  `updated_at` timestamp NOT NULL DEFAULT '0000-00-00 00:00:00'
) ENGINE=MyISAM DEFAULT CHARSET=latin1;

--
-- Dumping data for table `sankalpa`
--

INSERT INTO `sankalpa` (`id`, `name`, `gotra`, `nakshatra`, `rashi`, `email`, `phone_number`, `updated_by`, `created_by`, `deleted_at`, `created_at`, `updated_at`) VALUES
(1, 'Sandya Nerale', 'Gargya', 'Aaddra', 'Mithun', 'sandhya@dooziesoft.com', '9880086637', '', '', NULL, '2018-11-28 20:04:59', '2018-11-28 20:04:59'),
(2, 'Subhash G Damle', 'Shandilya', 'Kritika', 'Vrushabh', 'damles70@gmail.com', '7038625723', '', '', NULL, '2018-12-18 22:02:12', '2018-12-18 22:02:12'),
(3, 'Swati Damle', 'Shandilya', 'Dhanishtha', 'Sagatarious (Makar)', 'damles70@gmail.com', '7038625723', '', '', NULL, '2018-12-18 22:03:38', '2018-12-18 22:03:38'),
(4, 'prakash Cherukupalli', 'baradwaja', 'rohini', 'do not know', 'pragad@aol.com', '7039638454', '', '', NULL, '2018-12-31 08:30:46', '2018-12-31 08:30:46'),
(5, 'Sanjay Dharmadhikari', 'Atri', 'Swati', 'Tula', 'kunalsanjay@hotmail.com', '240-498-0672', '', '', NULL, '2018-12-31 09:33:39', '2018-12-31 09:33:39'),
(6, 'Sanjay Dharmadhikari', 'Atri', 'Swati', 'Tula', 'kunalsanjay@hotmail.com', '240-498-0672', '', '', NULL, '2018-12-31 09:33:42', '2018-12-31 09:33:42'),
(7, 'Supriya Ambekar', 'Atri', 'ShatTaraka', 'Kumbh', 'kunalsanjay@hotmail.com', '2404980672', '', '', NULL, '2018-12-31 09:35:00', '2018-12-31 09:35:00'),
(8, 'Supriya Ambekar', 'Atri', 'ShatTaraka', 'Kumbh', 'kunalsanjay@hotmail.com', '2404980672', '', '', NULL, '2018-12-31 09:35:04', '2018-12-31 09:35:04'),
(9, 'Ganeshan', 'Narayansn', 'Vasishta gotra', 'Mesha Rashi ( Ashwini Nakshatra)', 'phanishree@hotmail.com', '3015023934', '', '', NULL, '2018-12-31 10:47:40', '2018-12-31 10:47:40'),
(10, 'Ganeshan', 'Narayansn', 'Vasishta gotra', 'Mesha Rashi ( Ashwini Nakshatra)', 'phanishree@hotmail.com', '3015023934', '', '', NULL, '2018-12-31 10:47:41', '2018-12-31 10:47:41'),
(11, 'phanishree Narayanan', 'Vaishta ', 'Pushaya Nakshatra ', 'Kataka rashi', 'phanishree@hotmail.com', '3015023934', '', '', NULL, '2018-12-31 10:48:43', '2018-12-31 10:48:43'),
(12, 'Nandita narayanan', 'Vasishta ', 'Aridra', 'Mithuna ', 'phanishree@hotmail.com', '3015023934', '', '', NULL, '2018-12-31 10:49:43', '2018-12-31 10:49:43'),
(13, 'Nikhil narayanan', 'Vasishta ', 'Bharani', 'Mesha', 'phanishree@hotmail.com', '3015023934', '', '', NULL, '2018-12-31 10:50:27', '2018-12-31 10:50:27'),
(14, '5c32431bb9923', '', '', '', 'kursedkyuubi@gmail.com', '', '', '', NULL, '2019-01-07 01:04:31', '2019-01-07 01:04:31'),
(15, '5c32684632eae', '', '', '', 'davideitel.medical@gmail.com', '', '', '', NULL, '2019-01-07 03:43:04', '2019-01-07 03:43:04'),
(16, '5c329c9c45573', '', '', '', 'lynchdavid@aol.com', '', '', '', NULL, '2019-01-07 07:26:13', '2019-01-07 07:26:13'),
(17, '5c32b2ec704d5', '', '', '', 'srinivas.annapareddy@gmail.com', '', '', '', NULL, '2019-01-07 09:01:17', '2019-01-07 09:01:17'),
(18, '5c32c9c715140', '', '', '', 'lakeishahaley@yahoo.com', '', '', '', NULL, '2019-01-07 10:38:53', '2019-01-07 10:38:53'),
(19, '5c32e028debf4', '', '', '', 'rivas.noel@gmail.com', '', '', '', NULL, '2019-01-07 12:14:23', '2019-01-07 12:14:23'),
(20, '5c33094953e79', '', '', '', 'sueb_8@yahoo.com', '', '', '', NULL, '2019-01-07 15:09:52', '2019-01-07 15:09:52'),
(21, '5c335d78240b2', '', '', '', 'tuanchristimtran@yahoo.com', '', '', '', NULL, '2019-01-07 21:09:02', '2019-01-07 21:09:02'),
(22, '5c338319c3d4e', '', '', '', 'tonymote15@gmail.com', '', '', '', NULL, '2019-01-07 23:49:37', '2019-01-07 23:49:37'),
(23, '5c33be8470d18', '', '', '', 'marieubaldo@yahoo.com', '', '', '', NULL, '2019-01-08 04:03:13', '2019-01-08 04:03:13'),
(24, '5c33c29fb759a', '', '', '', 'ag.alxhm@gmail.com', '', '', '', NULL, '2019-01-08 04:20:35', '2019-01-08 04:20:35'),
(25, '5c33da57789b3', '', '', '', 'allenvetcentre@aol.com', '', '', '', NULL, '2019-01-08 06:01:50', '2019-01-08 06:01:50'),
(26, '5c33e04e647fc', '', '', '', 'm.styles8@gmail.com', '', '', '', NULL, '2019-01-08 06:27:28', '2019-01-08 06:27:28'),
(27, '5c33e2187d9a4', '', '', '', 'tdallaire@dallairecpa.com', '', '', '', NULL, '2019-01-08 06:34:49', '2019-01-08 06:34:49'),
(28, '5c33e99420701', '', '', '', 'sabitbol.mtl@gmail.com', '', '', '', NULL, '2019-01-08 07:06:50', '2019-01-08 07:06:50'),
(29, '5c33fb78606db', '', '', '', 'rolandclaire44@gmail.com', '', '', '', NULL, '2019-01-08 08:23:07', '2019-01-08 08:23:07'),
(30, '5c340150ba5a6', '', '', '', 'suhioi0220@gmail.com', '', '', '', NULL, '2019-01-08 08:48:02', '2019-01-08 08:48:02'),
(31, '5c342b9509747', '', '', '', 'baldemar81@yahoo.com', '', '', '', NULL, '2019-01-08 11:48:24', '2019-01-08 11:48:24'),
(32, '5c3455da1afe9', '', '', '', 'brocknroll@gmail.com', '', '', '', NULL, '2019-01-08 14:49:03', '2019-01-08 14:49:03'),
(33, '5c347e4ee9f01', '', '', '', 'teresa.rowergirl@gmail.com', '', '', '', NULL, '2019-01-08 17:41:26', '2019-01-08 17:41:26'),
(34, '5c34a799e1f17', '', '', '', 'tfinney1106@gmail.com', '', '', '', NULL, '2019-01-08 20:37:37', '2019-01-08 20:37:37'),
(35, '5c34b1222a32b', '', '', '', 'trovescott@gmail.com', '', '', '', NULL, '2019-01-08 21:18:22', '2019-01-08 21:18:22'),
(36, '5c34bd9ca0222', '', '', '', 'vescio.michael@gmail.com', '', '', '', NULL, '2019-01-08 22:11:32', '2019-01-08 22:11:32'),
(37, '5c34be33cdf5e', '', '', '', 'leschar3278@aol.com', '', '', '', NULL, '2019-01-08 22:13:59', '2019-01-08 22:13:59'),
(38, '5c34d9b85f0e4', '', '', '', 'michaeldespones@yahoo.com', '', '', '', NULL, '2019-01-09 00:11:27', '2019-01-09 00:11:27'),
(39, '5c35346c493b0', '', '', '', 'jgkortis@gmail.com', '', '', '', NULL, '2019-01-09 06:38:28', '2019-01-09 06:38:28'),
(40, '5c3540af8e4f7', '', '', '', 'tjjacksonsm@gmail.com', '', '', '', NULL, '2019-01-09 07:30:47', '2019-01-09 07:30:47'),
(41, '5c3540d72571c', '', '', '', 'jeand1140@gmail.com', '', '', '', NULL, '2019-01-09 07:31:26', '2019-01-09 07:31:26'),
(42, '5c3552f680ac1', '', '', '', 'finneusc@gmail.com', '', '', '', NULL, '2019-01-09 08:48:46', '2019-01-09 08:48:46'),
(43, '5c3564b8f124b', '', '', '', 'kimberly.evans.drake@gmail.com', '', '', '', NULL, '2019-01-09 10:04:42', '2019-01-09 10:04:42'),
(44, '5c358abaf02e8', '', '', '', 'thewhit0704@gmail.com', '', '', '', NULL, '2019-01-09 12:46:42', '2019-01-09 12:46:42'),
(45, '5c35ddd934d5c', '', '', '', 'jgkortis@gmail.com', '', '', '', NULL, '2019-01-09 18:41:22', '2019-01-09 18:41:22'),
(46, '5c35eca04783b', '', '', '', 'krisniemi@comcast.net', '', '', '', NULL, '2019-01-09 19:44:22', '2019-01-09 19:44:22'),
(47, '5c3607ac669db', '', '', '', 'tallgirl.dfc@gmail.com', '', '', '', NULL, '2019-01-09 21:39:45', '2019-01-09 21:39:45'),
(48, '5c3636d18b3b2', '', '', '', 'tdascomb@gmail.com', '', '', '', NULL, '2019-01-10 01:00:54', '2019-01-10 01:00:54'),
(49, '5c36453c307b2', '', '', '', 'alanajasmene@yahoo.com', '', '', '', NULL, '2019-01-10 02:02:21', '2019-01-10 02:02:21'),
(50, '5c365aaf65393', '', '', '', 'wilmarat@aol.com', '', '', '', NULL, '2019-01-10 03:34:02', '2019-01-10 03:34:02'),
(51, '5c365e6e01ffb', '', '', '', 'benjy@picnsave.ca', '', '', '', NULL, '2019-01-10 03:49:58', '2019-01-10 03:49:58'),
(52, '5c36764ae0de5', '', '', '', 'mugz20@yahoo.com', '', '', '', NULL, '2019-01-10 05:31:39', '2019-01-10 05:31:39'),
(53, '5c36831ae69b9', '', '', '', 'drbirchett@yahoo.com', '', '', '', NULL, '2019-01-10 06:26:26', '2019-01-10 06:26:26'),
(54, '5c3691ee68350', '', '', '', 'tuanchristimtran@yahoo.com', '', '', '', NULL, '2019-01-10 07:29:47', '2019-01-10 07:29:47'),
(55, '5c36a46e85b2e', '', '', '', 'contekm0613@yahoo.com', '', '', '', NULL, '2019-01-10 08:48:38', '2019-01-10 08:48:38'),
(56, '5c36d6722e47e', '', '', '', 'michaeldespones@yahoo.com', '', '', '', NULL, '2019-01-10 12:22:01', '2019-01-10 12:22:01'),
(57, '5c36f2349bf8f', '', '', '', 'michael.scichilone@yahoo.com', '', '', '', NULL, '2019-01-10 14:20:21', '2019-01-10 14:20:21'),
(58, '5c36fb73e26cb', '', '', '', 'alanajasmene@yahoo.com', '', '', '', NULL, '2019-01-10 15:00:02', '2019-01-10 15:00:02'),
(59, '5c3700f723d9a', '', '', '', 'foster.kitty@yahoo.com', '', '', '', NULL, '2019-01-10 15:23:25', '2019-01-10 15:23:25'),
(60, '5c374f0354a19', '', '', '', 'peytonfrith@gmail.com', '', '', '', NULL, '2019-01-10 20:56:24', '2019-01-10 20:56:24'),
(61, '5c376bbb79b28', '', '', '', '1livingmylife1@gmail.com', '', '', '', NULL, '2019-01-10 22:58:55', '2019-01-10 22:58:55'),
(62, '5c376c7caf69c', '', '', '', 'julie.dolven@gmail.com', '', '', '', NULL, '2019-01-10 23:02:13', '2019-01-10 23:02:13'),
(63, '5c378154e53db', '', '', '', 'capture.feoli@gmail.com', '', '', '', NULL, '2019-01-11 00:31:25', '2019-01-11 00:31:25'),
(64, '5c3782d14d327', '', '', '', 'carlmurphy369@yahoo.com', '', '', '', NULL, '2019-01-11 00:37:29', '2019-01-11 00:37:29'),
(65, '5c3785c86c536', '', '', '', 'rustler.9999@yahoo.com', '', '', '', NULL, '2019-01-11 00:50:05', '2019-01-11 00:50:05'),
(66, '5c3785d110f13', '', '', '', 'jonathanchristian26@yahoo.com', '', '', '', NULL, '2019-01-11 00:50:21', '2019-01-11 00:50:21'),
(67, '5c37bb4ed2b58', '', '', '', 'trovescott@gmail.com', '', '', '', NULL, '2019-01-11 04:38:36', '2019-01-11 04:38:36'),
(68, '5c37d16136036', '', '', '', 'arsongz@gmail.com', '', '', '', NULL, '2019-01-11 06:12:34', '2019-01-11 06:12:34'),
(69, '5c37df0c4fd69', '', '', '', 'dearramgopal@gmail.com', '', '', '', NULL, '2019-01-11 07:10:59', '2019-01-11 07:10:59'),
(70, '5c37e2bcbd1b5', '', '', '', 'emilyhu68@gmail.com', '', '', '', NULL, '2019-01-11 07:26:38', '2019-01-11 07:26:38'),
(71, '5c37f4bc86af2', '', '', '', 'elfrenalvara@gmail.com', '', '', '', NULL, '2019-01-11 08:43:24', '2019-01-11 08:43:24'),
(72, '5c3806b3ce83f', '', '', '', 'soto_linda@yahoo.com', '', '', '', NULL, '2019-01-11 10:00:05', '2019-01-11 10:00:05'),
(73, '5c380989abc84', '', '', '', 'emmecarrera@gmail.com', '', '', '', NULL, '2019-01-11 10:12:17', '2019-01-11 10:12:17'),
(74, '5c38148f439fe', '', '', '', 'dearramgopal@gmail.com', '', '', '', NULL, '2019-01-11 10:59:47', '2019-01-11 10:59:47'),
(75, '5c382044d952d', '', '', '', 'lynchdavid@aol.com', '', '', '', NULL, '2019-01-11 11:49:25', '2019-01-11 11:49:25'),
(76, '5c3867b6734b2', '', '', '', 'mikes295@comcast.net', '', '', '', NULL, '2019-01-11 16:54:28', '2019-01-11 16:54:28'),
(77, '5c3888e4caa1c', '', '', '', 'fiftyonecent1@gmail.com', '', '', '', NULL, '2019-01-11 19:16:00', '2019-01-11 19:16:00'),
(78, '5c38a3098e46f', '', '', '', 'ciroippolito@gmail.com', '', '', '', NULL, '2019-01-11 21:07:12', '2019-01-11 21:07:12'),
(79, '5c38b5c1bf8df', '', '', '', 'chrishawn03@gmail.com', '', '', '', NULL, '2019-01-11 22:27:04', '2019-01-11 22:27:04'),
(80, '5c38c04e8531e', '', '', '', 'apjp@cox.net', '', '', '', NULL, '2019-01-11 23:12:03', '2019-01-11 23:12:03'),
(81, '5c3902d23e10c', '', '', '', 'jongyoon81@gmail.com', '', '', '', NULL, '2019-01-12 03:56:02', '2019-01-12 03:56:02'),
(82, '5c391c5b2a5ba', '', '', '', 'aaron_brbs@yahoo.com', '', '', '', NULL, '2019-01-12 05:44:50', '2019-01-12 05:44:50'),
(83, '5c3930b9a20d1', '', '', '', 'bsmith2277@gmail.com', '', '', '', NULL, '2019-01-12 07:11:45', '2019-01-12 07:11:45'),
(84, '5c396495e813d', '', '', '', 'capatoril@gmail.com', '', '', '', NULL, '2019-01-12 10:52:54', '2019-01-12 10:52:54'),
(85, '5c396579a6d91', '', '', '', 'mikejluedtke@gmail.com', '', '', '', NULL, '2019-01-12 10:56:55', '2019-01-12 10:56:55'),
(86, '5c39778c24462', '', '', '', 'michaeldespones@yahoo.com', '', '', '', NULL, '2019-01-12 12:14:17', '2019-01-12 12:14:17'),
(87, '5c3997081fe84', '', '', '', 'gynyphyr4202002@yahoo.com', '', '', '', NULL, '2019-01-12 14:28:17', '2019-01-12 14:28:17'),
(88, '5c39ac383216e', '', '', '', 'ryan.mason@gmail.com', '', '', '', NULL, '2019-01-12 15:58:40', '2019-01-12 15:58:40'),
(89, '5c39c54d0dd35', '', '', '', 'kcarpenter234@gmail.com', '', '', '', NULL, '2019-01-12 17:45:40', '2019-01-12 17:45:40'),
(90, '5c39d17e639fa', '', '', '', 'trovescott@gmail.com', '', '', '', NULL, '2019-01-12 18:37:39', '2019-01-12 18:37:39'),
(91, '5c39e7e5eb543', '', '', '', 'haritboy88@gmail.com', '', '', '', NULL, '2019-01-12 20:13:17', '2019-01-12 20:13:17'),
(92, '5c3a1b44962d6', '', '', '', 'nissan04.ff@gmail.com', '', '', '', NULL, '2019-01-12 23:52:27', '2019-01-12 23:52:27'),
(93, '5c3a2646699e2', '', '', '', 'maria.e.small@gmail.com', '', '', '', NULL, '2019-01-13 00:39:21', '2019-01-13 00:39:21'),
(94, '5c3a4d63e0a3f', '', '', '', 'redwine5313@yahoo.com', '', '', '', NULL, '2019-01-13 03:26:19', '2019-01-13 03:26:19'),
(95, '5c3af22b42b6b', '', '', '', 'vernon2815@gmail.com', '', '', '', NULL, '2019-01-13 15:09:34', '2019-01-13 15:09:34'),
(96, '5c3b0272046e4', '', '', '', 'nissan04.ff@gmail.com', '', '', '', NULL, '2019-01-13 16:18:42', '2019-01-13 16:18:42'),
(97, '5c3b3d542e11e', '', '', '', 'lynnerudstrom@gmail.com', '', '', '', NULL, '2019-01-13 20:30:03', '2019-01-13 20:30:03'),
(98, '5c3b4f20089b7', '', '', '', 'respect.ssdc@gmail.com', '', '', '', NULL, '2019-01-13 21:45:59', '2019-01-13 21:45:59'),
(99, '5c3b5c269108e', '', '', '', 'julianarmt@gmail.com', '', '', '', NULL, '2019-01-13 22:41:31', '2019-01-13 22:41:31'),
(100, '5c3bb7a214aee', '', '', '', 'ryan.anderson1488@yahoo.com', '', '', '', NULL, '2019-01-14 05:12:05', '2019-01-14 05:12:05'),
(101, '5c3bb7b711f73', '', '', '', 'tjjacksonsm@gmail.com', '', '', '', NULL, '2019-01-14 05:12:08', '2019-01-14 05:12:08'),
(102, '5c3bbff94f54f', '', '', '', 'shakim_franks@yahoo.com', '', '', '', NULL, '2019-01-14 05:47:29', '2019-01-14 05:47:29'),
(103, '5c3bc01313efe', '', '', '', 'maria.e.small@gmail.com', '', '', '', NULL, '2019-01-14 05:47:50', '2019-01-14 05:47:50'),
(104, '5c3bc154c1df2', '', '', '', 'drbirchett@yahoo.com', '', '', '', NULL, '2019-01-14 05:53:10', '2019-01-14 05:53:10'),
(105, '5c3bcd06eb8d6', '', '', '', 'bgord19@gmail.com', '', '', '', NULL, '2019-01-14 06:43:03', '2019-01-14 06:43:03'),
(106, '5c3bda1799d1f', '', '', '', 'spritexcoke@gmail.com', '', '', '', NULL, '2019-01-14 07:38:54', '2019-01-14 07:38:54'),
(107, '5c3c19ec23d16', '', '', '', 'mibarga@gmail.com', '', '', '', NULL, '2019-01-14 12:11:08', '2019-01-14 12:11:08'),
(108, '5c3c1d404195a', '', '', '', 'kkgfong@yahoo.com', '', '', '', NULL, '2019-01-14 12:25:20', '2019-01-14 12:25:20'),
(109, '5c3c4780d25a3', '', '', '', 'alexsivef@gmail.com', '', '', '', NULL, '2019-01-14 15:25:37', '2019-01-14 15:25:37'),
(110, '5c3c7b43b9600', '', '', '', 'aabdulrahim14@gmail.com', '', '', '', NULL, '2019-01-14 19:06:34', '2019-01-14 19:06:34'),
(111, '5c3c9a43f3105', '', '', '', 'chinky27oct@gmail.com', '', '', '', NULL, '2019-01-14 21:18:52', '2019-01-14 21:18:52'),
(112, '5c3cd262d6d9a', '', '', '', 'quinterrya@yahoo.com', '', '', '', NULL, '2019-01-15 01:18:19', '2019-01-15 01:18:19'),
(113, '5c3ce9b93c1e4', '', '', '', 'penny@straightupinc.com', '', '', '', NULL, '2019-01-15 02:57:50', '2019-01-15 02:57:50'),
(114, '5c3cf1a728f73', '', '', '', 'garciavinny371@gmail.com', '', '', '', NULL, '2019-01-15 03:31:41', '2019-01-15 03:31:41'),
(115, '5c3cf70ce088e', '', '', '', 'shakim_franks@yahoo.com', '', '', '', NULL, '2019-01-15 03:54:43', '2019-01-15 03:54:43'),
(116, '5c3cff23aa467', '', '', '', 'superskillz78@gmail.com', '', '', '', NULL, '2019-01-15 04:29:14', '2019-01-15 04:29:14'),
(117, '5c3d078be9515', '', '', '', 'scott@kenyonzero.com', '', '', '', NULL, '2019-01-15 05:05:02', '2019-01-15 05:05:02'),
(118, '5c3d0a8616637', '', '', '', 'jvprintz@aol.com', '', '', '', NULL, '2019-01-15 05:17:53', '2019-01-15 05:17:53'),
(119, '5c3d0bc37871b', '', '', '', 'shakim_franks@yahoo.com', '', '', '', NULL, '2019-01-15 05:23:07', '2019-01-15 05:23:07'),
(120, '5c3d0c881c09c', '', '', '', 'lgraham41@gmail.com', '', '', '', NULL, '2019-01-15 05:26:17', '2019-01-15 05:26:17'),
(121, '5c3d2440435cb', '', '', '', 'danieltcobb7@gmail.com', '', '', '', NULL, '2019-01-15 07:07:35', '2019-01-15 07:07:35'),
(122, '5c3d2e067f51a', '', '', '', 'colbyevans@me.com', '', '', '', NULL, '2019-01-15 07:49:11', '2019-01-15 07:49:11'),
(123, '5c3d566add89e', '', '', '', 'miriamgp45@gmail.com', '', '', '', NULL, '2019-01-15 10:41:32', '2019-01-15 10:41:32'),
(124, '5c3d8d32d253a', '', '', '', 'annemariezottoli@gmail.com', '', '', '', NULL, '2019-01-15 14:35:40', '2019-01-15 14:35:40'),
(125, '5c3d8fd046a32', '', '', '', 'suejusticz@gmail.com', '', '', '', NULL, '2019-01-15 14:46:30', '2019-01-15 14:46:30'),
(126, '5c3d90b97009c', '', '', '', 'bevnginger@gmail.com', '', '', '', NULL, '2019-01-15 14:50:45', '2019-01-15 14:50:45'),
(127, '5c3d934024c18', '', '', '', 'atchitchy@gmail.com', '', '', '', NULL, '2019-01-15 15:01:11', '2019-01-15 15:01:11'),
(128, '5c3dac2299b55', '', '', '', 'butlerdarren13@yahoo.com', '', '', '', NULL, '2019-01-15 16:47:22', '2019-01-15 16:47:22'),
(129, '5c3dacae33f3b', '', '', '', 'fsteigerbrian@gmail.com', '', '', '', NULL, '2019-01-15 16:49:40', '2019-01-15 16:49:40'),
(130, '5c3db1f52e2f0', '', '', '', 'tjjacksonsm@gmail.com', '', '', '', NULL, '2019-01-15 17:12:16', '2019-01-15 17:12:16'),
(131, '5c3dd840331f4', '', '', '', 'hmiraldo@gmail.com', '', '', '', NULL, '2019-01-15 19:55:34', '2019-01-15 19:55:34'),
(132, '5c3de943a4306', '', '', '', 'mldiefenbacher@gmail.com', '', '', '', NULL, '2019-01-15 21:08:08', '2019-01-15 21:08:08'),
(133, '5c3e04da20bbe', '', '', '', 'thedede109@gmail.com', '', '', '', NULL, '2019-01-15 23:05:53', '2019-01-15 23:05:53'),
(134, '5c3e1d0aad125', '', '', '', 'nataliecolleen@gmail.com', '', '', '', NULL, '2019-01-16 00:49:03', '2019-01-16 00:49:03'),
(135, '5c3e2a25aa6b6', '', '', '', 'garnishing@aol.com', '', '', '', NULL, '2019-01-16 01:44:57', '2019-01-16 01:44:57'),
(136, '5c3e2eaf11d14', '', '', '', 'leonardocorso17@gmail.com', '', '', '', NULL, '2019-01-16 02:04:21', '2019-01-16 02:04:21'),
(137, '5c3e33260842e', '', '', '', 'duckman2200@yahoo.com', '', '', '', NULL, '2019-01-16 02:23:40', '2019-01-16 02:23:40'),
(138, '5c3e67375135b', '', '', '', 'dillon.untitled.inc@gmail.com', '', '', '', NULL, '2019-01-16 06:05:28', '2019-01-16 06:05:28'),
(139, '5c3e9cc894888', '', '', '', 'tuanchristimtran@yahoo.com', '', '', '', NULL, '2019-01-16 09:54:00', '2019-01-16 09:54:00'),
(140, '5c3ea0578d400', '', '', '', 'nataliecolleen@gmail.com', '', '', '', NULL, '2019-01-16 10:09:35', '2019-01-16 10:09:35'),
(141, '5c3eecc66b4de', '', '', '', 'stephismith95@gmail.com', '', '', '', NULL, '2019-01-16 15:35:48', '2019-01-16 15:35:48'),
(142, '5c3f0d44a49b5', '', '', '', 'johnweyand@gmail.com', '', '', '', NULL, '2019-01-16 17:54:03', '2019-01-16 17:54:03'),
(143, '5c3f2994d9e8b', '', '', '', 'cgilmer8@gmail.com', '', '', '', NULL, '2019-01-16 19:54:51', '2019-01-16 19:54:51'),
(144, '5c3f4564c853f', '', '', '', 'am4037@aol.com', '', '', '', NULL, '2019-01-16 21:53:32', '2019-01-16 21:53:32'),
(145, '5c3f691bf1404', '', '', '', 'torresdavid87@gmail.com', '', '', '', NULL, '2019-01-17 00:25:54', '2019-01-17 00:25:54'),
(146, '5c3f738ccd383', '', '', '', 'ddamarin6@gmail.com', '', '', '', NULL, '2019-01-17 01:10:28', '2019-01-17 01:10:28'),
(147, '5c3f7ce89ed07', '', '', '', 'bsl1983@yahoo.com', '', '', '', NULL, '2019-01-17 01:50:19', '2019-01-17 01:50:19'),
(148, '5c3f9c8d08319', '', '', '', 'pamplinvirginia@aol.com', '', '', '', NULL, '2019-01-17 04:05:20', '2019-01-17 04:05:20'),
(149, '5c3f9ff9f0fc5', '', '', '', 'johnaitchison68@gmail.com', '', '', '', NULL, '2019-01-17 04:20:00', '2019-01-17 04:20:00'),
(150, '5c3fa173b8bb7', '', '', '', 'leonardocorso17@gmail.com', '', '', '', NULL, '2019-01-17 04:26:28', '2019-01-17 04:26:28'),
(151, '5c3faaf8e2d07', '', '', '', 'am5661148@gmail.com', '', '', '', NULL, '2019-01-17 05:06:49', '2019-01-17 05:06:49'),
(152, '5c3fd4fbd1765', '', '', '', 'marekguberski@yahoo.com', '', '', '', NULL, '2019-01-17 08:06:12', '2019-01-17 08:06:12'),
(153, '5c3fd837a6f3d', '', '', '', 'azbuyer272@gmail.com', '', '', '', NULL, '2019-01-17 08:19:53', '2019-01-17 08:19:53'),
(154, '5c3ff92aec165', '', '', '', 'taniacirej@gmail.com', '', '', '', NULL, '2019-01-17 10:40:34', '2019-01-17 10:40:34'),
(155, '5c401eb5ca4e2', '', '', '', 'ghnboy@gmail.com', '', '', '', NULL, '2019-01-17 13:20:39', '2019-01-17 13:20:39'),
(156, '5c4048aac80f3', '', '', '', 'ben.donnan@gmail.com', '', '', '', NULL, '2019-01-17 16:19:40', '2019-01-17 16:19:40'),
(157, '5c40608492a60', '', '', '', 'verkauf@krueger-voigt.de', '', '', '', NULL, '2019-01-17 18:01:39', '2019-01-17 18:01:39'),
(158, '5c40676c3b167', '', '', '', 'torres.david.1987@gmail.com', '', '', '', NULL, '2019-01-17 18:30:59', '2019-01-17 18:30:59'),
(159, '5c4067857bdba', '', '', '', 'luciac318@gmail.com', '', '', '', NULL, '2019-01-17 18:31:23', '2019-01-17 18:31:23'),
(160, '5c40742895b19', '', '', '', 'garryld_66@yahoo.com', '', '', '', NULL, '2019-01-17 19:25:20', '2019-01-17 19:25:20'),
(161, '5c4084aebc9fe', '', '', '', 'garryld_66@yahoo.com', '', '', '', NULL, '2019-01-17 20:35:50', '2019-01-17 20:35:50'),
(162, '5c408ada6aef3', '', '', '', 'garryld_66@yahoo.com', '', '', '', NULL, '2019-01-17 21:02:18', '2019-01-17 21:02:18'),
(163, '5c40916d87563', '', '', '', 'arnoldjk2016@gmail.com', '', '', '', NULL, '2019-01-17 21:30:10', '2019-01-17 21:30:10'),
(164, '5c40c58f7476e', '', '', '', 'pepesalas@gmail.com', '', '', '', NULL, '2019-01-18 01:12:34', '2019-01-18 01:12:34'),
(165, '5c40ef1f1164a', '', '', '', 'fordaldus@yahoo.com', '', '', '', NULL, '2019-01-18 04:09:58', '2019-01-18 04:09:58'),
(166, '5c40ffb8cb483', '', '', '', 'rmbehrc@gmail.com', '', '', '', NULL, '2019-01-18 05:20:42', '2019-01-18 05:20:42'),
(167, '5c412ab812954', '', '', '', 'kagerancid@gmail.com', '', '', '', NULL, '2019-01-18 08:24:31', '2019-01-18 08:24:31'),
(168, '5c413c22a76ac', '', '', '', 'dv.stimson@gmail.com', '', '', '', NULL, '2019-01-18 09:38:45', '2019-01-18 09:38:45'),
(169, '5c415a76d114f', '', '', '', 'sdwood52@gmail.com', '', '', '', NULL, '2019-01-18 11:47:58', '2019-01-18 11:47:58'),
(170, '5c416817e7293', '', '', '', 'torres.david.1987@gmail.com', '', '', '', NULL, '2019-01-18 12:46:27', '2019-01-18 12:46:27'),
(171, '5c418d2e6f783', '', '', '', 'maxwellhmckay@gmail.com', '', '', '', NULL, '2019-01-18 15:24:21', '2019-01-18 15:24:21'),
(172, '5c41d0f87994c', '', '', '', 'n.nguyen0408@gmail.com', '', '', '', NULL, '2019-01-18 20:13:36', '2019-01-18 20:13:36'),
(173, '5c41e2e897299', '', '', '', 'rajnosnibor@gmail.com', '', '', '', NULL, '2019-01-18 21:30:06', '2019-01-18 21:30:06'),
(174, '5c41e9e30d9a7', '', '', '', 'junnyda@gmail.com', '', '', '', NULL, '2019-01-18 22:00:03', '2019-01-18 22:00:03'),
(175, '5c41ef981e846', '', '', '', 'ed.betsy.lee@gmail.com', '', '', '', NULL, '2019-01-18 22:24:14', '2019-01-18 22:24:14'),
(176, '5c422b505e17c', '', '', '', 'spencercwau@yahoo.com', '', '', '', NULL, '2019-01-19 02:39:18', '2019-01-19 02:39:18'),
(177, '5c42412201e7a', '', '', '', 'mlcheely@yahoo.com', '', '', '', NULL, '2019-01-19 04:12:13', '2019-01-19 04:12:13'),
(178, '5c42577a675b0', '', '', '', 'dannyxxsupern00b@gmail.com', '', '', '', NULL, '2019-01-19 05:47:22', '2019-01-19 05:47:22'),
(179, '5c42637eec852', '', '', '', 'trovescott@gmail.com', '', '', '', NULL, '2019-01-19 06:38:41', '2019-01-19 06:38:41'),
(180, '5c427c8f089a9', '', '', '', 'dunrobinp@yahoo.com', '', '', '', NULL, '2019-01-19 08:25:41', '2019-01-19 08:25:41'),
(181, '5c428ddf70499', '', '', '', 'mueller20251@yahoo.com', '', '', '', NULL, '2019-01-19 09:39:26', '2019-01-19 09:39:26'),
(182, '5c42965a6b384', '', '', '', 'colelunde@gmail.com', '', '', '', NULL, '2019-01-19 10:15:49', '2019-01-19 10:15:49'),
(183, '5c42bfddc2bf3', '', '', '', 'trovescott@gmail.com', '', '', '', NULL, '2019-01-19 13:12:52', '2019-01-19 13:12:52'),
(184, '5c42d9eb90982', '', '', '', 'john.flood.99@gmail.com', '', '', '', NULL, '2019-01-19 15:04:13', '2019-01-19 15:04:13'),
(185, '5c42ebfed4ee5', '', '', '', 'johink24@aol.com', '', '', '', NULL, '2019-01-19 16:21:10', '2019-01-19 16:21:10'),
(186, '5c430f5929c80', '', '', '', 'magnet.king2000@gmail.com', '', '', '', NULL, '2019-01-19 18:52:00', '2019-01-19 18:52:00'),
(187, '5c43257edf191', '', '', '', 'swbezj92@gmail.com', '', '', '', NULL, '2019-01-19 20:26:35', '2019-01-19 20:26:35'),
(188, '5c434466ad7a7', '', '', '', 'samchae@gmail.com', '', '', '', NULL, '2019-01-19 22:38:24', '2019-01-19 22:38:24'),
(189, '5c43526397fdb', '', '', '', 'alecb2092@gmail.com', '', '', '', NULL, '2019-01-19 23:38:02', '2019-01-19 23:38:02'),
(190, '5c437bbb0e801', '', '', '', 'trovescott@gmail.com', '', '', '', NULL, '2019-01-20 02:34:26', '2019-01-20 02:34:26'),
(191, '5c43b3dc15370', '', '', '', 'adrija@gmail.com', '', '', '', NULL, '2019-01-20 06:33:55', '2019-01-20 06:33:55'),
(192, '5c43ce14b9f78', '', '', '', 'troyleach8@gmail.com', '', '', '', NULL, '2019-01-20 08:25:42', '2019-01-20 08:25:42'),
(193, '5c43f17a59f81', '', '', '', 'scottglesz@gmail.com', '', '', '', NULL, '2019-01-20 10:56:43', '2019-01-20 10:56:43'),
(194, '5c43f617413bf', '', '', '', 'dillardsimsjr@yahoo.com', '', '', '', NULL, '2019-01-20 11:16:24', '2019-01-20 11:16:24'),
(195, '5c44014a2a956', '', '', '', 'nulljmancha8801@gmail.com', '', '', '', NULL, '2019-01-20 12:04:16', '2019-01-20 12:04:16'),
(196, '5c4402320df3e', '', '', '', 'dannyxxsupern00b@gmail.com', '', '', '', NULL, '2019-01-20 12:08:01', '2019-01-20 12:08:01'),
(197, '5c440cba9c154', '', '', '', 'linciyun@gmail.com', '', '', '', NULL, '2019-01-20 12:53:06', '2019-01-20 12:53:06'),
(198, '5c442a3a6194f', '', '', '', 'dunrobinp@yahoo.com', '', '', '', NULL, '2019-01-20 14:58:57', '2019-01-20 14:58:57'),
(199, '5c444353e13f3', '', '', '', 'codey4897@gmail.com', '', '', '', NULL, '2019-01-20 16:46:01', '2019-01-20 16:46:01'),
(200, '5c4468d73b8e3', '', '', '', 'rob_schattmann@yahoo.com', '', '', '', NULL, '2019-01-20 19:26:28', '2019-01-20 19:26:28'),
(201, '5c4473848a84f', '', '', '', 'virgilioalegria@yahoo.com', '', '', '', NULL, '2019-01-20 20:11:39', '2019-01-20 20:11:39'),
(202, '5c4488af021ed', '', '', '', 'alecb2092@gmail.com', '', '', '', NULL, '2019-01-20 21:41:57', '2019-01-20 21:41:57'),
(203, '5c448c505eae9', '', '', '', 'garyrees53@gmail.com', '', '', '', NULL, '2019-01-20 21:57:27', '2019-01-20 21:57:27'),
(204, '5c44a30884aad', '', '', '', 'junnyda@gmail.com', '', '', '', NULL, '2019-01-20 23:34:23', '2019-01-20 23:34:23'),
(205, '5c44a48a8e35e', '', '', '', 'richardandbrantley@yahoo.com', '', '', '', NULL, '2019-01-20 23:40:49', '2019-01-20 23:40:49'),
(206, '5c44a8ed6b17f', '', '', '', 'scottglesz@gmail.com', '', '', '', NULL, '2019-01-20 23:59:27', '2019-01-20 23:59:27'),
(207, '5c44aceab2873', '', '', '', 'vapor1000@cox.net', '', '', '', NULL, '2019-01-21 00:16:31', '2019-01-21 00:16:31'),
(208, '5c44be1b8cd66', '', '', '', 'dmccalla10@gmail.com', '', '', '', NULL, '2019-01-21 01:29:50', '2019-01-21 01:29:50'),
(209, '5c44c18bd9997', '', '', '', 'linciyun@gmail.com', '', '', '', NULL, '2019-01-21 01:44:34', '2019-01-21 01:44:34'),
(210, '5c44cce7569ac', '', '', '', 'seferan767@gmail.com', '', '', '', NULL, '2019-01-21 02:32:59', '2019-01-21 02:32:59'),
(211, '5c44d2933926a', '', '', '', 'leonardocorso17@gmail.com', '', '', '', NULL, '2019-01-21 02:57:08', '2019-01-21 02:57:08'),
(212, '5c44da685f1c6', '', '', '', 'simonsteeber@gmail.com', '', '', '', NULL, '2019-01-21 03:30:40', '2019-01-21 03:30:40'),
(213, '5c4504cfb3977', '', '', '', 'jaypateljay1998@gmail.com', '', '', '', NULL, '2019-01-21 06:31:36', '2019-01-21 06:31:36'),
(214, '5c451f8eaf5ea', '', '', '', 'hirokian77@gmail.com', '', '', '', NULL, '2019-01-21 08:25:43', '2019-01-21 08:25:43'),
(215, '5c4530027c813', '', '', '', 'paulamccrimmon@yahoo.com', '', '', '', NULL, '2019-01-21 09:35:55', '2019-01-21 09:35:55'),
(216, '5c45327cefe0c', '', '', '', 'doomy304@gmail.com', '', '', '', NULL, '2019-01-21 09:46:20', '2019-01-21 09:46:20'),
(217, '5c453790a252a', '', '', '', 'alecb2092@gmail.com', '', '', '', NULL, '2019-01-21 10:08:07', '2019-01-21 10:08:07'),
(218, '5c453a38b8893', '', '', '', 'myles7183@gmail.com', '', '', '', NULL, '2019-01-21 10:19:21', '2019-01-21 10:19:21'),
(219, '5c453c72c579f', '', '', '', 'sebastianbsc@yahoo.com', '', '', '', NULL, '2019-01-21 10:28:52', '2019-01-21 10:28:52'),
(220, '5c4540e0757b1', '', '', '', 'ssnmyrs@yahoo.com', '', '', '', NULL, '2019-01-21 10:47:50', '2019-01-21 10:47:50'),
(221, '5c45526625f51', '', '', '', 'sam.binkin@gmail.com', '', '', '', NULL, '2019-01-21 12:02:30', '2019-01-21 12:02:30'),
(222, '5c45580556ff1', '', '', '', 'karenmcfad@aol.com', '', '', '', NULL, '2019-01-21 12:26:46', '2019-01-21 12:26:46'),
(223, '5c455cd6a146a', '', '', '', 'iiircusfreak@gmail.com', '', '', '', NULL, '2019-01-21 12:47:10', '2019-01-21 12:47:10'),
(224, '5c45761b4facc', '', '', '', 'jhfoodinc@gmail.com', '', '', '', NULL, '2019-01-21 14:35:00', '2019-01-21 14:35:00'),
(225, '5c4578dd379f5', '', '', '', 'shelby350@gmail.com', '', '', '', NULL, '2019-01-21 14:46:43', '2019-01-21 14:46:43'),
(226, '5c4582beec73e', '', '', '', 'tjp99q@gmail.com', '', '', '', NULL, '2019-01-21 15:28:56', '2019-01-21 15:28:56'),
(227, '5c4588293ec38', '', '', '', 'tommy_christie2005@yahoo.com', '', '', '', NULL, '2019-01-21 15:51:58', '2019-01-21 15:51:58'),
(228, '5c458bc20f759', '', '', '', 'somethingsomethingnumbersstuff@gmail.com', '', '', '', NULL, '2019-01-21 16:07:20', '2019-01-21 16:07:20'),
(229, '5c4597705f6c3', '', '', '', 'kayleyeverette@yahoo.com', '', '', '', NULL, '2019-01-21 16:57:11', '2019-01-21 16:57:11'),
(230, '5c45af9b775cf', '', '', '', 'kellywchen@gmail.com', '', '', '', NULL, '2019-01-21 18:40:19', '2019-01-21 18:40:19'),
(231, '5c45f9687aec4', '', '', '', 'rozworld5906@yahoo.com', '', '', '', NULL, '2019-01-21 23:55:08', '2019-01-21 23:55:08'),
(232, '5c4625004872c', '', '', '', 'mcb53179@yahoo.com', '', '', '', NULL, '2019-01-22 03:01:27', '2019-01-22 03:01:27'),
(233, '5c463709b844f', '', '', '', 'secretary@hastingsandryelabour.org.uk', '', '', '', NULL, '2019-01-22 04:18:08', '2019-01-22 04:18:08'),
(234, '5c46526c5cc29', '', '', '', 'xcrunner3141@gmail.com', '', '', '', NULL, '2019-01-22 06:14:55', '2019-01-22 06:14:55'),
(235, '5c466579e3688', '', '', '', 'yourstill.1975theone@gmail.com', '', '', '', NULL, '2019-01-22 07:36:17', '2019-01-22 07:36:17'),
(236, '5c467bb39161b', '', '', '', 'shelbinraw2131@gmail.com', '', '', '', NULL, '2019-01-22 09:11:07', '2019-01-22 09:11:07'),
(237, '5c46848e8c220', '', '', '', 'shelbinraw2131@gmail.com', '', '', '', NULL, '2019-01-22 09:48:54', '2019-01-22 09:48:54'),
(238, '5c46dc3eac10d', '', '', '', 'alecb2092@gmail.com', '', '', '', NULL, '2019-01-22 16:03:02', '2019-01-22 16:03:02'),
(239, '5c46fe244a698', '', '', '', 'j4c2002@yahoo.com', '', '', '', NULL, '2019-01-22 18:27:38', '2019-01-22 18:27:38'),
(240, '5c47080c5c58f', '', '', '', 'tmichael86@gmail.com', '', '', '', NULL, '2019-01-22 19:09:55', '2019-01-22 19:09:55'),
(241, '5c47278a9bf0f', '', '', '', 'paulamccrimmon@yahoo.com', '', '', '', NULL, '2019-01-22 21:24:18', '2019-01-22 21:24:18'),
(242, '5c47514d04012', '', '', '', 'djc4464@aol.com', '', '', '', NULL, '2019-01-23 00:22:29', '2019-01-23 00:22:29'),
(243, '5c478b4162c10', '', '', '', 'tplfennig@yahoo.com', '', '', '', NULL, '2019-01-23 04:29:41', '2019-01-23 04:29:41'),
(244, '5c479c0ef4172', '', '', '', 'misbah_fashion@yahoo.co.uk', '', '', '', NULL, '2019-01-23 05:41:26', '2019-01-23 05:41:26'),
(245, '5c47a184ec26a', '', '', '', 'amyschelle@yahoo.com', '', '', '', NULL, '2019-01-23 06:04:37', '2019-01-23 06:04:37'),
(246, '5c47a59ca8227', '', '', '', 'john.giordano19944@yahoo.com', '', '', '', NULL, '2019-01-23 06:22:11', '2019-01-23 06:22:11'),
(247, '5c47c380c85ae', '', '', '', 'ericm4577@gmail.com', '', '', '', NULL, '2019-01-23 08:29:44', '2019-01-23 08:29:44'),
(248, '5c47e768405b7', '', '', '', 'hoghunter904@gmail.com', '', '', '', NULL, '2019-01-23 11:03:19', '2019-01-23 11:03:19'),
(249, '5c480cf45770e', '', '', '', 'tjp99q@gmail.com', '', '', '', NULL, '2019-01-23 13:43:09', '2019-01-23 13:43:09'),
(250, '5c481932e1736', '', '', '', 'linciyun@gmail.com', '', '', '', NULL, '2019-01-23 14:35:17', '2019-01-23 14:35:17'),
(251, '5c48250c7c605', '', '', '', 'seanbigsandwich@gmail.com', '', '', '', NULL, '2019-01-23 15:25:56', '2019-01-23 15:25:56'),
(252, '5c48764402c4e', '', '', '', 'joshuajosephrichardson@gmail.com', '', '', '', NULL, '2019-01-23 21:12:23', '2019-01-23 21:12:23'),
(253, '5c487850522f2', '', '', '', 'cierrajlee2012@yahoo.com', '', '', '', NULL, '2019-01-23 21:21:10', '2019-01-23 21:21:10'),
(254, '5c487e075ccc8', '', '', '', 'banker.man.cf@gmail.com', '', '', '', NULL, '2019-01-23 21:45:55', '2019-01-23 21:45:55'),
(255, '5c488fb455f3f', '', '', '', 'michaeldespones@yahoo.com', '', '', '', NULL, '2019-01-23 23:00:57', '2019-01-23 23:00:57'),
(256, '5c489d85a2026', '', '', '', 'janetbowman41@gmail.com', '', '', '', NULL, '2019-01-23 23:59:56', '2019-01-23 23:59:56'),
(257, '5c48b46f5e65e', '', '', '', 'h_norouzi_b@yahoo.com', '', '', '', NULL, '2019-01-24 01:37:39', '2019-01-24 01:37:39'),
(258, '5c48d84bc8f2e', '', '', '', 'info@kandc.ca', '', '', '', NULL, '2019-01-24 04:10:43', '2019-01-24 04:10:43'),
(259, '5c48daac44918', '', '', '', 'cherrypham6346@gmail.com', '', '', '', NULL, '2019-01-24 04:20:51', '2019-01-24 04:20:51'),
(260, '5c48f50c60f4f', '', '', '', 'chefsmorr.is@aol.com', '', '', '', NULL, '2019-01-24 06:13:25', '2019-01-24 06:13:25'),
(261, '5c48fc29aa491', '', '', '', 'corrincramer@gmail.com', '', '', '', NULL, '2019-01-24 06:43:39', '2019-01-24 06:43:39'),
(262, '5c490a00307d9', '', '', '', 'michaeldespones@yahoo.com', '', '', '', NULL, '2019-01-24 07:42:47', '2019-01-24 07:42:47'),
(263, '5c4924efee8b7', '', '', '', 'savinien44@gmail.com', '', '', '', NULL, '2019-01-24 09:37:35', '2019-01-24 09:37:35'),
(264, '5c49315285916', '', '', '', 'reynasarah13@gmail.com', '', '', '', NULL, '2019-01-24 10:30:39', '2019-01-24 10:30:39'),
(265, '5c4958e54bc9f', '', '', '', 'myfivemonsters@aol.com', '', '', '', NULL, '2019-01-24 13:19:23', '2019-01-24 13:19:23'),
(266, '5c496d14ae982', '', '', '', 'clfordham33@verizon.net', '', '', '', NULL, '2019-01-24 14:45:51', '2019-01-24 14:45:51'),
(267, '5c49792b1a183', '', '', '', 'linciyun@gmail.com', '', '', '', NULL, '2019-01-24 15:37:01', '2019-01-24 15:37:01'),
(268, '5c49a746a4cd0', '', '', '', 'hotlineblingshop@gmail.com', '', '', '', NULL, '2019-01-24 18:53:49', '2019-01-24 18:53:49'),
(269, '5c49a99ba74e8', '', '', '', 'edmond.higgins@gmail.com', '', '', '', NULL, '2019-01-24 19:03:55', '2019-01-24 19:03:55'),
(270, '5c49ac4f6dce2', '', '', '', 'conniejcarroll1589@gmail.com', '', '', '', NULL, '2019-01-24 19:15:18', '2019-01-24 19:15:18'),
(271, '5c49eccb3c77f', '', '', '', 'brentghampton.bh@gmail.com', '', '', '', NULL, '2019-01-24 23:50:22', '2019-01-24 23:50:22'),
(272, '5c49f26b14104', '', '', '', 'karyn1224@bellsouth.net', '', '', '', NULL, '2019-01-25 00:14:21', '2019-01-25 00:14:21'),
(273, '5c4a03375668b', '', '', '', 'leahzhu5152@gmail.com', '', '', '', NULL, '2019-01-25 01:26:01', '2019-01-25 01:26:01'),
(274, '5c4a1fea95dbb', '', '', '', 'rlczajkowski@gmail.com', '', '', '', NULL, '2019-01-25 03:28:48', '2019-01-25 03:28:48'),
(275, '5c4a5c2b0a6ca', '', '', '', 'andrewbrnt99@gmail.com', '', '', '', NULL, '2019-01-25 07:45:38', '2019-01-25 07:45:38'),
(276, '5c4a7b05059b4', '', '', '', 'alybernice@gmail.com', '', '', '', NULL, '2019-01-25 09:57:11', '2019-01-25 09:57:11'),
(277, '5c4a80ea591c0', '', '', '', 'c.s.imperial@gmail.com', '', '', '', NULL, '2019-01-25 10:22:16', '2019-01-25 10:22:16'),
(278, '5c4a8a43e2e91', '', '', '', 'tiffanycwilson11@yahoo.com', '', '', '', NULL, '2019-01-25 11:02:20', '2019-01-25 11:02:20'),
(279, '5c4ab1b63068e', '', '', '', 'hotlineblingshop@gmail.com', '', '', '', NULL, '2019-01-25 13:50:32', '2019-01-25 13:50:32'),
(280, '5c4adabbb24eb', '', '', '', 'ben@thekellermanns.net', '', '', '', NULL, '2019-01-25 16:45:38', '2019-01-25 16:45:38'),
(281, '5c4b28f1484a0', '', '', '', 'brentghampton.bh@gmail.com', '', '', '', NULL, '2019-01-25 22:19:19', '2019-01-25 22:19:19'),
(282, '5c4b40917b106', '', '', '', 'jasinc19@gmail.com', '', '', '', NULL, '2019-01-26 00:00:17', '2019-01-26 00:00:17'),
(283, '5c4b4988b4e42', '', '', '', 'bormau62@gmail.com', '', '', '', NULL, '2019-01-26 00:38:20', '2019-01-26 00:38:20'),
(284, '5c4b516994245', '', '', '', 'tjp99q@gmail.com', '', '', '', NULL, '2019-01-26 01:12:16', '2019-01-26 01:12:16'),
(285, '5c4b78a9da8fc', '', '', '', 'xcrunner3141@gmail.com', '', '', '', NULL, '2019-01-26 03:59:28', '2019-01-26 03:59:28'),
(286, '5c4b9405b57b9', '', '', '', 'mollyjoy12@gmail.com', '', '', '', NULL, '2019-01-26 05:56:06', '2019-01-26 05:56:06'),
(287, '5c4ba8f9d9c9e', '', '', '', 'snooge4@gmail.com', '', '', '', NULL, '2019-01-26 07:25:32', '2019-01-26 07:25:32'),
(288, '5c4bb7ad3af54', '', '', '', 'cjblack24@gmail.com', '', '', '', NULL, '2019-01-26 08:28:21', '2019-01-26 08:28:21'),
(289, '5c4bc2fc57036', '', '', '', 'cjblack24@gmail.com', '', '', '', NULL, '2019-01-26 09:16:28', '2019-01-26 09:16:28'),
(290, '5c4bdb8e7e0ac', '', '', '', 'nealrogol70@gmail.com', '', '', '', NULL, '2019-01-26 11:01:25', '2019-01-26 11:01:25'),
(291, '5c4bfb552e1d8', '', '', '', 'sharijnet2016@gmail.com', '', '', '', NULL, '2019-01-26 13:17:02', '2019-01-26 13:17:02'),
(292, '5c4c20b39336e', '', '', '', 'mawhitehouse@gmail.com', '', '', '', NULL, '2019-01-26 15:56:35', '2019-01-26 15:56:35'),
(293, '5c4c67b1d5fcb', '', '', '', 'marcusxmacklin@gmail.com', '', '', '', NULL, '2019-01-26 20:59:17', '2019-01-26 20:59:17'),
(294, '5c4c76229d50e', '', '', '', 'olyasharij@gmail.com', '', '', '', NULL, '2019-01-26 22:00:55', '2019-01-26 22:00:55'),
(295, '5c4c7d6541db1', '', '', '', 'munoz034@gmail.com', '', '', '', NULL, '2019-01-26 22:31:52', '2019-01-26 22:31:52'),
(296, '5c4c825d88d3a', '', '', '', 'jiannii203@gmail.com', '', '', '', NULL, '2019-01-26 22:53:05', '2019-01-26 22:53:05'),
(297, '5c4ca070e0ac0', '', '', '', 'myfivemonsters@aol.com', '', '', '', NULL, '2019-01-27 01:01:28', '2019-01-27 01:01:28'),
(298, '5c4ca3b5a6df6', '', '', '', 'tjp99q@gmail.com', '', '', '', NULL, '2019-01-27 01:15:44', '2019-01-27 01:15:44'),
(299, '5c4cd81dc2e80', '', '', '', 'llyndsey.jones@gmail.com', '', '', '', NULL, '2019-01-27 04:59:01', '2019-01-27 04:59:01'),
(300, '5c4cdb130d352', '', '', '', 'munoz034@gmail.com', '', '', '', NULL, '2019-01-27 05:11:34', '2019-01-27 05:11:34'),
(301, '5c4cfec47cccf', '', '', '', 'gstryker@gmail.com', '', '', '', NULL, '2019-01-27 07:43:54', '2019-01-27 07:43:54'),
(302, '5c4d1c0422db8', '', '', '', 'mcranden@comcast.net', '', '', '', NULL, '2019-01-27 09:48:56', '2019-01-27 09:48:56'),
(303, '5c4d33e34a93f', '', '', '', 'caitlinciance@gmail.com', '', '', '', NULL, '2019-01-27 11:30:34', '2019-01-27 11:30:34'),
(304, '5c4d5242a4be8', '', '', '', 'gest1218@yahoo.com', '', '', '', NULL, '2019-01-27 13:40:03', '2019-01-27 13:40:03'),
(305, '5c4d56d6a72ab', '', '', '', 'simonsteeber@gmail.com', '', '', '', NULL, '2019-01-27 14:00:03', '2019-01-27 14:00:03'),
(306, '5c4d788b6a39f', '', '', '', 'scottglesz@gmail.com', '', '', '', NULL, '2019-01-27 16:23:29', '2019-01-27 16:23:29'),
(307, '5c4da269d92dd', '', '', '', 'dhillendahl762@gmail.com', '', '', '', NULL, '2019-01-27 19:22:08', '2019-01-27 19:22:08'),
(308, '5c4db1900a511', '', '', '', 'askaggs06@gmail.com', '', '', '', NULL, '2019-01-27 20:26:46', '2019-01-27 20:26:46'),
(309, '5c4dc472ae28d', '', '', '', 'albers.116@buckeyemail.osu.edu', '', '', '', NULL, '2019-01-27 21:47:40', '2019-01-27 21:47:40'),
(310, '5c4ed54a57379', '', '', '', 'nspjoshking@yahoo.com', '', '', '', NULL, '2019-01-28 17:11:28', '2019-01-28 17:11:28'),
(311, '5c4ed5c36086f', '', '', '', 'xtong1989@yahoo.com', '', '', '', NULL, '2019-01-28 17:13:30', '2019-01-28 17:13:30'),
(312, '5c4ee115e076b', '', '', '', 'trovescott@gmail.com', '', '', '', NULL, '2019-01-28 18:02:08', '2019-01-28 18:02:08'),
(313, '5c4ee62215d2e', '', '', '', 'parks.d8169@gmail.com', '', '', '', NULL, '2019-01-28 18:23:18', '2019-01-28 18:23:18'),
(314, '5c4ee8c17701c', '', '', '', 'davidrossi850@gmail.com', '', '', '', NULL, '2019-01-28 18:34:31', '2019-01-28 18:34:31'),
(315, '5c4ef43a55bb4', '', '', '', 'scottglesz@gmail.com', '', '', '', NULL, '2019-01-28 19:23:26', '2019-01-28 19:23:26'),
(316, '5c4f3ad122ce6', '', '', '', 'lauricobb64@yahoo.com', '', '', '', NULL, '2019-01-29 00:24:36', '2019-01-29 00:24:36'),
(317, '5c4f4fd917d2a', '', '', '', 'naj9999@gmail.com', '', '', '', NULL, '2019-01-29 01:54:20', '2019-01-29 01:54:20'),
(318, '5c4f5d26bc24c', '', '', '', 'jimlieber@bex.net', '', '', '', NULL, '2019-01-29 02:51:04', '2019-01-29 02:51:04'),
(319, '5c4fb053ee353', '', '', '', 'rbhalsey@aol.com', '', '', '', NULL, '2019-01-29 08:45:57', '2019-01-29 08:45:57'),
(320, '5c4fc5ad2a1ac', '', '', '', 'debthomasphd@juno.com', '', '', '', NULL, '2019-01-29 10:17:19', '2019-01-29 10:17:19'),
(321, '5c4fdbcf92d60', '', '', '', 'halseyandassociates@yahoo.com', '', '', '', NULL, '2019-01-29 11:51:35', '2019-01-29 11:51:35'),
(322, '5c50258d9e014', '', '', '', 'xtong1989@yahoo.com', '', '', '', NULL, '2019-01-29 17:06:32', '2019-01-29 17:06:32'),
(323, '5c50379a50630', '', '', '', 'tls@san.rr.com', '', '', '', NULL, '2019-01-29 18:23:25', '2019-01-29 18:23:25'),
(324, '5c5037fb75dc5', '', '', '', 'anujkanand2013@gmail.com', '', '', '', NULL, '2019-01-29 18:24:47', '2019-01-29 18:24:47'),
(325, '5c504088095c3', '', '', '', 'chere.justin@gmail.com', '', '', '', NULL, '2019-01-29 19:01:17', '2019-01-29 19:01:17'),
(326, '5c504b49c4032', '', '', '', 'nrgdemur@gmail.com', '', '', '', NULL, '2019-01-29 19:47:10', '2019-01-29 19:47:10'),
(327, '5c50583b6df2a', '', '', '', 'rdonova4@yahoo.com', '', '', '', NULL, '2019-01-29 20:42:27', '2019-01-29 20:42:27'),
(328, '5c505e3c644b8', '', '', '', 'annepollock@yahoo.com', '', '', '', NULL, '2019-01-29 21:07:59', '2019-01-29 21:07:59'),
(329, '5c50823c9959e', '', '', '', 'scottyspainting@yahoo.com', '', '', '', NULL, '2019-01-29 23:41:41', '2019-01-29 23:41:41'),
(330, '5c50860403a80', '', '', '', 'parcourse10757@aol.com', '', '', '', NULL, '2019-01-29 23:57:57', '2019-01-29 23:57:57'),
(331, '5c508714657c4', '', '', '', 'quyen_bi@yahoo.com', '', '', '', NULL, '2019-01-30 00:02:26', '2019-01-30 00:02:26'),
(332, '5c50900b1213e', '', '', '', 'jeremy6910@yahoo.com', '', '', '', NULL, '2019-01-30 00:40:31', '2019-01-30 00:40:31'),
(333, '5c509c76a2a13', '', '', '', 'peterk13@gmail.com', '', '', '', NULL, '2019-01-30 01:33:31', '2019-01-30 01:33:31'),
(334, '5c50acbe85121', '', '', '', 'smahoney99@yahoo.com', '', '', '', NULL, '2019-01-30 02:43:03', '2019-01-30 02:43:03'),
(335, '5c50b77c517ff', '', '', '', 'hemahiteshreddy93@gmail.com', '', '', '', NULL, '2019-01-30 03:28:45', '2019-01-30 03:28:45'),
(336, '5c50d2cbcfd23', '', '', '', 'xtong1989@yahoo.com', '', '', '', NULL, '2019-01-30 05:25:17', '2019-01-30 05:25:17'),
(337, '5c50eff826d6f', '', '', '', 'itsme6673@aol.com', '', '', '', NULL, '2019-01-30 07:29:52', '2019-01-30 07:29:52'),
(338, '5c51370faac4d', '', '', '', 'tuan_nguyen4418@yahoo.com', '', '', '', NULL, '2019-01-30 12:33:12', '2019-01-30 12:33:12'),
(339, '5c5142ac83d12', '', '', '', 'dcarpenter@peerlessproducts.com', '', '', '', NULL, '2019-01-30 13:23:02', '2019-01-30 13:23:02'),
(340, '5c514a50bd436', '', '', '', 'phuongchi93@yahoo.com', '', '', '', NULL, '2019-01-30 13:55:17', '2019-01-30 13:55:17'),
(341, '5c514cd72245e', '', '', '', 'deeduks@yahoo.com', '', '', '', NULL, '2019-01-30 14:06:08', '2019-01-30 14:06:08'),
(342, '5c516f81da11d', '', '', '', 'adonlon88@gmail.com', '', '', '', NULL, '2019-01-30 16:34:01', '2019-01-30 16:34:01'),
(343, '5c519d23236f0', '', '', '', 'larry@ockicks.com', '', '', '', NULL, '2019-01-30 19:48:41', '2019-01-30 19:48:41'),
(344, '5c51b2ac8accb', '', '', '', 'enigmageorgia@gmail.com', '', '', '', NULL, '2019-01-30 21:20:35', '2019-01-30 21:20:35'),
(345, '5c51d88ad0e2f', '', '', '', 'blancamg491@gmail.com', '', '', '', NULL, '2019-01-31 00:02:10', '2019-01-31 00:02:10'),
(346, '5c52343aebe42', '', '', '', 'chris.townsend.785@gmail.com', '', '', '', NULL, '2019-01-31 06:33:24', '2019-01-31 06:33:24'),
(347, '5c523c762a89b', '', '', '', 'anismiy.a012548dfxull@gmail.com', '', '', '', NULL, '2019-01-31 07:08:29', '2019-01-31 07:08:29'),
(348, '5c5289c6146f8', '', '', '', 'hui.laura@gmail.com', '', '', '', NULL, '2019-01-31 12:38:19', '2019-01-31 12:38:19'),
(349, '5c5300a422a84', '', '', '', 'connorpadtha@gmail.com', '', '', '', NULL, '2019-01-31 21:05:31', '2019-01-31 21:05:31'),
(350, '5c535f32cad94', '', '', '', 'mlbartlett70@gmail.com', '', '', '', NULL, '2019-02-01 03:48:59', '2019-02-01 03:48:59'),
(351, '5c5366578ac73', '', '', '', 'nadia.zag@gmail.com', '', '', '', NULL, '2019-02-01 04:19:20', '2019-02-01 04:19:20'),
(352, '5c5398fd397cd', '', '', '', 'kennedy0903@aol.com', '', '', '', NULL, '2019-02-01 07:55:32', '2019-02-01 07:55:32'),
(353, '5c539c55be069', '', '', '', 'benchmarkfiling@aol.com', '', '', '', NULL, '2019-02-01 08:09:49', '2019-02-01 08:09:49'),
(354, '5c53c9cf49923', '', '', '', 'monicamorales112@yahoo.com', '', '', '', NULL, '2019-02-01 11:23:46', '2019-02-01 11:23:46'),
(355, '5c53efda39d5a', '', '', '', 'logangroves12@yahoo.com', '', '', '', NULL, '2019-02-01 14:06:08', '2019-02-01 14:06:08'),
(356, '5c5413c15741a', '', '', '', 'kkeenny@yahoo.com', '', '', '', NULL, '2019-02-01 16:39:14', '2019-02-01 16:39:14'),
(357, '5c541696a77c7', '', '', '', 'erictvly@yahoo.com', '', '', '', NULL, '2019-02-01 16:51:24', '2019-02-01 16:51:24'),
(358, '5c549c3246eaa', '', '', '', 'bradamandapeck@gmail.com', '', '', '', NULL, '2019-02-02 02:21:25', '2019-02-02 02:21:25'),
(359, '5c54a6beea9e8', '', '', '', 'markschrack@yahoo.com', '', '', '', NULL, '2019-02-02 03:06:30', '2019-02-02 03:06:30'),
(360, '5c5594ce7df57', '', '', '', 'bradamandapeck@gmail.com', '', '', '', NULL, '2019-02-02 20:02:11', '2019-02-02 20:02:11'),
(361, '5c5595e551a39', '', '', '', 'tjones1216@gmail.com', '', '', '', NULL, '2019-02-02 20:06:51', '2019-02-02 20:06:51'),
(362, '5c55a02ee7fc5', '', '', '', 'saksena.apurva@gmail.com', '', '', '', NULL, '2019-02-02 20:50:54', '2019-02-02 20:50:54'),
(363, '5c55c95333bbc', '', '', '', 'jiannii203@gmail.com', '', '', '', NULL, '2019-02-02 23:46:19', '2019-02-02 23:46:19'),
(364, '5c55e7dd9fa96', '', '', '', 'thebestcorgi@gmail.com', '', '', '', NULL, '2019-02-03 01:56:34', '2019-02-03 01:56:34'),
(365, '5c55e9874b37c', '', '', '', 'saksena.apurva@gmail.com', '', '', '', NULL, '2019-02-03 02:03:42', '2019-02-03 02:03:42'),
(366, '5c566711cef56', '', '', '', 'dillardautoaccessories@gmail.com', '', '', '', NULL, '2019-02-03 10:59:22', '2019-02-03 10:59:22'),
(367, '5c56fac90b529', '', '', '', 'chha1969@yahoo.com', '', '', '', NULL, '2019-02-03 21:29:43', '2019-02-03 21:29:43'),
(368, '5c572fdbf3910', '', '', '', 'thejellybeanboy@gmail.com', '', '', '', NULL, '2019-02-04 01:16:01', '2019-02-04 01:16:01'),
(369, '5c578af2df075', '', '', '', 'tyler_lee_johnson87@yahoo.com', '', '', '', NULL, '2019-02-04 07:44:38', '2019-02-04 07:44:38'),
(370, '5c578c31da8ac', '', '', '', 'mrairjordan55@gmail.com', '', '', '', NULL, '2019-02-04 07:50:00', '2019-02-04 07:50:00'),
(371, '5c580c3a8c910', '', '', '', 'premkredit@gmail.com', '', '', '', NULL, '2019-02-04 16:56:26', '2019-02-04 16:56:26'),
(372, '5c58565abcfee', '', '', '', 'abratton01@yahoo.com', '', '', '', NULL, '2019-02-04 22:12:34', '2019-02-04 22:12:34'),
(373, '5c58613393f2d', '', '', '', 'ogmoongravity@gmail.com', '', '', '', NULL, '2019-02-04 22:58:51', '2019-02-04 22:58:51'),
(374, '5c586133ed366', '', '', '', 'abratton01@yahoo.com', '', '', '', NULL, '2019-02-04 22:58:53', '2019-02-04 22:58:53'),
(375, '5c5892eb5649f', '', '', '', 'riverao2008@aol.com', '', '', '', NULL, '2019-02-05 02:30:56', '2019-02-05 02:30:56'),
(376, '5c58b6f3627b6', '', '', '', 'estede15@gmail.com', '', '', '', NULL, '2019-02-05 05:04:42', '2019-02-05 05:04:42'),
(377, '5c58cadeb185f', '', '', '', 'janine@laserzone123.com', '', '', '', NULL, '2019-02-05 06:29:42', '2019-02-05 06:29:42'),
(378, '5c58d3cb162ca', '', '', '', 'jiannii203@gmail.com', '', '', '', NULL, '2019-02-05 07:07:46', '2019-02-05 07:07:46'),
(379, '5c58e54f16ba0', '', '', '', 'lburke0413@aol.com', '', '', '', NULL, '2019-02-05 08:22:42', '2019-02-05 08:22:42'),
(380, '5c58f5ca683f4', '', '', '', 'rcouhig@gmail.com', '', '', '', NULL, '2019-02-05 09:32:46', '2019-02-05 09:32:46'),
(381, '5c590ab95bc7f', '', '', '', '17damion@gmail.com', '', '', '', NULL, '2019-02-05 11:02:08', '2019-02-05 11:02:08'),
(382, '5c590e43e4c3f', '', '', '', 'shoptricia0818@gmail.com', '', '', '', NULL, '2019-02-05 11:17:14', '2019-02-05 11:17:14'),
(383, '5c590fd00fa7a', '', '', '', 'ogmoongravity@gmail.com', '', '', '', NULL, '2019-02-05 11:23:52', '2019-02-05 11:23:52'),
(384, '5c592cac47eb9', '', '', '', 'smerdly@gmail.com', '', '', '', NULL, '2019-02-05 13:26:54', '2019-02-05 13:26:54'),
(385, '5c5956860c350', '', '', '', 'kyle.boddy@gmail.com', '', '', '', NULL, '2019-02-05 16:25:33', '2019-02-05 16:25:33'),
(386, '5c595f86b31b6', '', '', '', 'scott.leonardson@yahoo.com', '', '', '', NULL, '2019-02-05 17:03:57', '2019-02-05 17:03:57'),
(387, '5c59804e16ecf', '', '', '', 'bitcoincole@gmail.com', '', '', '', NULL, '2019-02-05 19:23:49', '2019-02-05 19:23:49'),
(388, '5c598758d1e60', '', '', '', 'cheeech48@aol.com', '', '', '', NULL, '2019-02-05 19:53:48', '2019-02-05 19:53:48'),
(389, '5c59ba1cced09', '', '', '', 'dayusarifah@yahoo.com', '', '', '', NULL, '2019-02-05 23:30:48', '2019-02-05 23:30:48'),
(390, '5c59ccc7a28ab', '', '', '', 'phanchanlee@gmail.com', '', '', '', NULL, '2019-02-06 00:50:08', '2019-02-06 00:50:08'),
(391, '5c59cecda65d8', '', '', '', 'eltemidolobo@gmail.com', '', '', '', NULL, '2019-02-06 00:58:54', '2019-02-06 00:58:54'),
(392, '5c59de2d30ea2', '', '', '', 'alexmosspro@gmail.com', '', '', '', NULL, '2019-02-06 02:04:18', '2019-02-06 02:04:18'),
(393, '5c59ec539cf65', '', '', '', 'gnsilverton453@gmail.com', '', '', '', NULL, '2019-02-06 03:04:55', '2019-02-06 03:04:55'),
(394, '5c59f1c236204', '', '', '', 'cfan032009@sbcglobal.net', '', '', '', NULL, '2019-02-06 03:27:47', '2019-02-06 03:27:47'),
(395, '5c59fcd278b12', '', '', '', 'saksena.apurva@gmail.com', '', '', '', NULL, '2019-02-06 04:15:00', '2019-02-06 04:15:00'),
(396, '5c5a15290f135', '', '', '', 'eltemidolobo@gmail.com', '', '', '', NULL, '2019-02-06 05:58:57', '2019-02-06 05:58:57'),
(397, '5c5a61f12f548', '', '', '', 'o.kucheriavyi@gmail.com', '', '', '', NULL, '2019-02-06 11:26:33', '2019-02-06 11:26:33'),
(398, '5c5a766ec71ae', '', '', '', 'maya402@verizon.net', '', '', '', NULL, '2019-02-06 12:54:19', '2019-02-06 12:54:19'),
(399, '5c5a9a3b4ad33', '', '', '', 'thiru_senthil@yahoo.com', '', '', '', NULL, '2019-02-06 15:26:42', '2019-02-06 15:26:42'),
(400, '5c5abde599703', '', '', '', 'mkbbuzz@yahoo.com', '', '', '', NULL, '2019-02-06 17:59:12', '2019-02-06 17:59:12');
INSERT INTO `sankalpa` (`id`, `name`, `gotra`, `nakshatra`, `rashi`, `email`, `phone_number`, `updated_by`, `created_by`, `deleted_at`, `created_at`, `updated_at`) VALUES
(401, '5c5b1a62a05ab', '', '', '', 'wtuscani@yahoo.com', '', '', '', NULL, '2019-02-07 00:33:26', '2019-02-07 00:33:26'),
(402, '5c5b29f8e8b49', '', '', '', 'purvi.ruparel@gmail.com', '', '', '', NULL, '2019-02-07 01:39:56', '2019-02-07 01:39:56'),
(403, '5c5b3276eb1e5', '', '', '', 'phanchanlee@gmail.com', '', '', '', NULL, '2019-02-07 02:16:15', '2019-02-07 02:16:15'),
(404, '5c5b469f778f0', '', '', '', 'jorgesalvador@att.net', '', '', '', NULL, '2019-02-07 03:42:15', '2019-02-07 03:42:15'),
(405, '5c5b470eb47ee', '', '', '', 'kyletstokes@gmail.com', '', '', '', NULL, '2019-02-07 03:44:06', '2019-02-07 03:44:06'),
(406, '5c5b69ca05976', '', '', '', 'scottyspainting@yahoo.com', '', '', '', NULL, '2019-02-07 06:12:18', '2019-02-07 06:12:18'),
(407, '5c5b8bcd87528', '', '', '', 'stephen.d.wales@gmail.com', '', '', '', NULL, '2019-02-07 08:37:29', '2019-02-07 08:37:29'),
(408, '5c5b8fc70666b', '', '', '', 'camzusch@gmail.com', '', '', '', NULL, '2019-02-07 08:54:16', '2019-02-07 08:54:16'),
(409, '5c5bba041334c', '', '', '', 'mikeem@gmail.com', '', '', '', NULL, '2019-02-07 11:54:43', '2019-02-07 11:54:43'),
(410, '5c5bef8a3bb6e', '', '', '', 'e.gasimov1981@gmail.com', '', '', '', NULL, '2019-02-07 15:43:18', '2019-02-07 15:43:18'),
(411, '5c5c055e88946', '', '', '', 'hemanth.kandula@gmail.com', '', '', '', NULL, '2019-02-07 17:16:03', '2019-02-07 17:16:03'),
(412, '5c5c1f294363f', '', '', '', 'timcoffey88@gmail.com', '', '', '', NULL, '2019-02-07 19:06:19', '2019-02-07 19:06:19'),
(413, '5c5c3b78cb396', '', '', '', 'szeng_99@yahoo.com', '', '', '', NULL, '2019-02-07 21:06:57', '2019-02-07 21:06:57'),
(414, '5c5c537f6e2e2', '', '', '', 'hashiali309@gmail.com', '', '', '', NULL, '2019-02-07 22:49:25', '2019-02-07 22:49:25'),
(415, '5c5c62e3a5f4a', '', '', '', 'janek-hecker@web.de', '', '', '', NULL, '2019-02-07 23:55:01', '2019-02-07 23:55:01'),
(416, '5c5c67531ab0f', '', '', '', 'nunnachine@gmail.com', '', '', '', NULL, '2019-02-08 00:14:25', '2019-02-08 00:14:25'),
(417, '5c5c6775a7539', '', '', '', '7chases@gmail.com', '', '', '', NULL, '2019-02-08 00:14:33', '2019-02-08 00:14:33'),
(418, '5c5c885f2d323', '', '', '', 'loakman@ideasplus.com', '', '', '', NULL, '2019-02-08 02:35:23', '2019-02-08 02:35:23'),
(419, '5c5ca6c1c6a81', '', '', '', 'raniadental@yahoo.gr', '', '', '', NULL, '2019-02-08 04:44:37', '2019-02-08 04:44:37'),
(420, '5c5cf2a08e028', '', '', '', 'roninmiranda20@gmail.com', '', '', '', NULL, '2019-02-08 10:08:23', '2019-02-08 10:08:23'),
(421, '5c5d369347dc9', '', '', '', 'rommellagrange@gmail.com', '', '', '', NULL, '2019-02-08 14:58:23', '2019-02-08 14:58:23'),
(422, '5c5d968faf76d', '', '', '', 'eroseh1@aol.com', '', '', '', NULL, '2019-02-08 21:48:00', '2019-02-08 21:48:00'),
(423, '5c5da6820aa35', '', '', '', 'samomron@ix.netcom.com', '', '', '', NULL, '2019-02-08 22:55:53', '2019-02-08 22:55:53'),
(424, '5c5dad07d5f15', '', '', '', 'hashiali309@gmail.com', '', '', '', NULL, '2019-02-08 23:23:42', '2019-02-08 23:23:42'),
(425, '5c5dfbfc48b42', '', '', '', 'luhzay1k@gmail.com', '', '', '', NULL, '2019-02-09 05:00:36', '2019-02-09 05:00:36'),
(426, '5c5e13bda36b9', '', '', '', 'patrick.laurie@gmail.com', '', '', '', NULL, '2019-02-09 06:41:58', '2019-02-09 06:41:58'),
(427, '5c5e4720dac22', '', '', '', 'mdasdmsafl@gmail.com', '', '', '', NULL, '2019-02-09 10:21:25', '2019-02-09 10:21:25'),
(428, '5c5e4a327c947', '', '', '', 'bitplane@gmail.com', '', '', '', NULL, '2019-02-09 10:34:18', '2019-02-09 10:34:18'),
(429, '5c5e613243cd0', '', '', '', 'brandis727@aol.com', '', '', '', NULL, '2019-02-09 12:12:36', '2019-02-09 12:12:36'),
(430, '5c5ee94d07dc7', '', '', '', 'lisareneecrook@gmail.com', '', '', '', NULL, '2019-02-09 21:53:08', '2019-02-09 21:53:08'),
(431, '5c5efda9a14ce', '', '', '', 'vdheide@tiscali.nl', '', '', '', NULL, '2019-02-09 23:20:03', '2019-02-09 23:20:03'),
(432, '5c5f176cac46f', '', '', '', 'hxeunx@gmail.com', '', '', '', NULL, '2019-02-10 01:09:52', '2019-02-10 01:09:52'),
(433, '5c5f34f7353ae', '', '', '', 'milkymiranda@gmail.com', '', '', '', NULL, '2019-02-10 03:15:55', '2019-02-10 03:15:55'),
(434, '5c602850dfe21', '', '', '', 'christinaselect@gmail.com', '', '', '', NULL, '2019-02-10 20:34:13', '2019-02-10 20:34:13'),
(435, '5c602fb0bcbe0', '', '', '', 'jakerchief@gmail.com', '', '', '', NULL, '2019-02-10 21:05:43', '2019-02-10 21:05:43'),
(436, '5c60adcd963c5', '', '', '', 'jennings_francis@student.smc.edu', '', '', '', NULL, '2019-02-11 06:03:44', '2019-02-11 06:03:44'),
(437, '5c61363f93839', '', '', '', 'a1234jacknetwalker@gmail.com', '', '', '', NULL, '2019-02-11 15:45:58', '2019-02-11 15:45:58'),
(438, '5c61630f6349d', '', '', '', 'kyletstokes@gmail.com', '', '', '', NULL, '2019-02-11 18:57:12', '2019-02-11 18:57:12'),
(439, '5c61696fabaa8', '', '', '', 'nathan.martinez.nm@gmail.com', '', '', '', NULL, '2019-02-11 19:24:22', '2019-02-11 19:24:22'),
(440, '5c6171af1492f', '', '', '', 'drumskll@yahoo.com', '', '', '', NULL, '2019-02-11 19:59:33', '2019-02-11 19:59:33'),
(441, '5c61ab8179b83', '', '', '', 'regina.houston13@gmail.com', '', '', '', NULL, '2019-02-12 00:06:16', '2019-02-12 00:06:16'),
(442, '5c61e38972c65', '', '', '', 'coachbecher@gmail.com', '', '', '', NULL, '2019-02-12 04:05:21', '2019-02-12 04:05:21'),
(443, '5c61ec879a171', '', '', '', 'mjeancharles1@yahoo.com', '', '', '', NULL, '2019-02-12 04:43:37', '2019-02-12 04:43:37'),
(444, '5c622bd36bece', '', '', '', 'thisisjayone@yahoo.com', '', '', '', NULL, '2019-02-12 09:13:58', '2019-02-12 09:13:58'),
(445, '5c6243b802176', '', '', '', 'marquanar@gmail.com', '', '', '', NULL, '2019-02-12 10:55:43', '2019-02-12 10:55:43'),
(446, '5c62782c83236', '', '', '', 'iduna7@gmail.com', '', '', '', NULL, '2019-02-12 14:39:30', '2019-02-12 14:39:30'),
(447, '5c627834509d6', '', '', '', 'iduna7@gmail.com', '', '', '', NULL, '2019-02-12 14:39:37', '2019-02-12 14:39:37'),
(448, '5c6298056b2cc', '', '', '', 'mjeancharles1@yahoo.com', '', '', '', NULL, '2019-02-12 16:55:23', '2019-02-12 16:55:23'),
(449, '5c62bec606b65', '', '', '', 'emushlitz11@gmail.com', '', '', '', NULL, '2019-02-12 19:40:44', '2019-02-12 19:40:44'),
(450, '5c62c8980ca95', '', '', '', 'drumskll@yahoo.com', '', '', '', NULL, '2019-02-12 20:22:36', '2019-02-12 20:22:36'),
(451, '5c62ce34479aa', '', '', '', 'jessica.iorio@gmail.com', '', '', '', NULL, '2019-02-12 20:46:55', '2019-02-12 20:46:55'),
(452, '5c62d93801f1c', '', '', '', 'emushlitz11@gmail.com', '', '', '', NULL, '2019-02-12 21:33:45', '2019-02-12 21:33:45'),
(453, '5c62d94ba6a84', '', '', '', 'edmondson.christina@gmail.com', '', '', '', NULL, '2019-02-12 21:33:52', '2019-02-12 21:33:52'),
(454, '5c62f38e6571c', '', '', '', 'iduna7@gmail.com', '', '', '', NULL, '2019-02-12 23:25:56', '2019-02-12 23:25:56'),
(455, '5c62f6f455226', '', '', '', 'soraya.taleb01@gmail.com', '', '', '', NULL, '2019-02-12 23:40:25', '2019-02-12 23:40:25'),
(456, '5c62f79125124', '', '', '', 'drumskll@yahoo.com', '', '', '', NULL, '2019-02-12 23:43:03', '2019-02-12 23:43:03'),
(457, '5c62f8417e803', '', '', '', 'lilnate1619@yahoo.com', '', '', '', NULL, '2019-02-12 23:45:56', '2019-02-12 23:45:56'),
(458, '5c62fa3515041', '', '', '', 'marquanar@gmail.com', '', '', '', NULL, '2019-02-12 23:54:16', '2019-02-12 23:54:16'),
(459, '5c63090dc0f54', '', '', '', 'delitte.laurence@gmail.com', '', '', '', NULL, '2019-02-13 00:57:41', '2019-02-13 00:57:41'),
(460, '5c63111f59e72', '', '', '', 'jldeaton@gmail.com', '', '', '', NULL, '2019-02-13 01:32:15', '2019-02-13 01:32:15'),
(461, '5c635a94e3633', '', '', '', 'brookeleverone@yahoo.com', '', '', '', NULL, '2019-02-13 06:45:43', '2019-02-13 06:45:43'),
(462, '5c63752eba3a6', '', '', '', 'chris@ht-pumps.com', '', '', '', NULL, '2019-02-13 08:39:27', '2019-02-13 08:39:27'),
(463, '5c6377652313b', '', '', '', 'sean@dooleyoil.com', '', '', '', NULL, '2019-02-13 08:48:28', '2019-02-13 08:48:28'),
(464, '5c63ac463ca9f', '', '', '', 'coryfurst@gmail.com', '', '', '', NULL, '2019-02-13 12:34:27', '2019-02-13 12:34:27'),
(465, '5c63b5ee7f84c', '', '', '', 'mkriegstein@yahoo.com', '', '', '', NULL, '2019-02-13 13:15:18', '2019-02-13 13:15:18'),
(466, '5c63c7c428ab6', '', '', '', 'randyman2k@gmail.com', '', '', '', NULL, '2019-02-13 14:31:16', '2019-02-13 14:31:16'),
(467, '5c63c8c6290bc', '', '', '', 'jonesh1223@yahoo.com', '', '', '', NULL, '2019-02-13 14:35:40', '2019-02-13 14:35:40'),
(468, '5c64115b73ea9', '', '', '', 'jtaylorbarnett@gmail.com', '', '', '', NULL, '2019-02-13 19:45:33', '2019-02-13 19:45:33'),
(469, '5c64206a08602', '', '', '', 'austin.bortmas@gmail.com', '', '', '', NULL, '2019-02-13 20:49:45', '2019-02-13 20:49:45'),
(470, '5c64310219bec', '', '', '', 'randyman2k@gmail.com', '', '', '', NULL, '2019-02-13 22:00:26', '2019-02-13 22:00:26'),
(471, '5c64332ec97a8', '', '', '', 'asqectpvp@gmail.com', '', '', '', NULL, '2019-02-13 22:09:41', '2019-02-13 22:09:41'),
(472, '5c64340cdc355', '', '', '', 'nickk321@yahoo.com', '', '', '', NULL, '2019-02-13 22:13:21', '2019-02-13 22:13:21'),
(473, '5c6453f3e907d', '', '', '', 'kwilsonfon@aol.com', '', '', '', NULL, '2019-02-14 00:29:27', '2019-02-14 00:29:27'),
(474, '5c648aad9f80b', '', '', '', 'doralrecruiting@bellsouth.net', '', '', '', NULL, '2019-02-14 04:23:17', '2019-02-14 04:23:17'),
(475, '5c64967ee9812', '', '', '', 'ivemariecarroll1@yahoo.com', '', '', '', NULL, '2019-02-14 05:13:36', '2019-02-14 05:13:36'),
(476, '5c64a68668c83', '', '', '', 'meph1031@yahoo.com', '', '', '', NULL, '2019-02-14 06:21:50', '2019-02-14 06:21:50'),
(477, '5c64d0d92ded9', '', '', '', 'chismiiim@yahoo.com', '', '', '', NULL, '2019-02-14 09:22:19', '2019-02-14 09:22:19'),
(478, '5c64df629a003', '', '', '', '1008jia@gmail.com', '', '', '', NULL, '2019-02-14 10:24:46', '2019-02-14 10:24:46'),
(479, '5c653dfcd3163', '', '', '', 'tealpratt@aol.com', '', '', '', NULL, '2019-02-14 17:08:02', '2019-02-14 17:08:02'),
(480, '5c6544e2e924a', '', '', '', 'mattycake1013@gmail.com', '', '', '', NULL, '2019-02-14 17:37:30', '2019-02-14 17:37:30'),
(481, '5c65e4757f538', '', '', '', 'pswingparadis@yahoo.com', '', '', '', NULL, '2019-02-15 04:58:22', '2019-02-15 04:58:22'),
(482, '5c65e57af2a19', '', '', '', 'sharkfromdark8888@gmail.com', '', '', '', NULL, '2019-02-15 05:02:38', '2019-02-15 05:02:38'),
(483, '5c664b12347ca', '', '', '', 'plastikstrider@gmail.com', '', '', '', NULL, '2019-02-15 12:16:03', '2019-02-15 12:16:03'),
(484, '5c665f6b46843', '', '', '', 'haveyoubeenkissed@yahoo.com', '', '', '', NULL, '2019-02-15 13:42:57', '2019-02-15 13:42:57');

-- --------------------------------------------------------

--
-- Table structure for table `subscribes`
--

CREATE TABLE `subscribes` (
  `id` int(10) UNSIGNED NOT NULL,
  `name` varchar(255) COLLATE utf8_unicode_ci NOT NULL,
  `email` varchar(255) COLLATE utf8_unicode_ci NOT NULL,
  `country` varchar(255) COLLATE utf8_unicode_ci NOT NULL,
  `cc` varchar(255) COLLATE utf8_unicode_ci NOT NULL,
  `phone_number` varchar(255) COLLATE utf8_unicode_ci NOT NULL,
  `comment` varchar(255) COLLATE utf8_unicode_ci NOT NULL,
  `updated_by` varchar(255) COLLATE utf8_unicode_ci NOT NULL,
  `created_by` varchar(255) COLLATE utf8_unicode_ci NOT NULL,
  `deleted_at` timestamp NULL DEFAULT NULL,
  `created_at` timestamp NOT NULL DEFAULT '0000-00-00 00:00:00',
  `updated_at` timestamp NOT NULL DEFAULT '0000-00-00 00:00:00'
) ENGINE=MyISAM DEFAULT CHARSET=utf8 COLLATE=utf8_unicode_ci;

--
-- Dumping data for table `subscribes`
--

INSERT INTO `subscribes` (`id`, `name`, `email`, `country`, `cc`, `phone_number`, `comment`, `updated_by`, `created_by`, `deleted_at`, `created_at`, `updated_at`) VALUES
(1, 'Anand Ogale', 'anand@dooziesoft.com', 'India', '91', '8411079879', '', '', '', NULL, '2018-01-09 20:23:34', '2018-01-09 20:23:34'),
(2, 'Akshay Joshi', 'akshayjoshi999@gmail.com', 'India', '91', '8880458554', 'test', '', '', NULL, '2018-01-10 14:47:53', '2018-01-10 14:47:53'),
(3, 'sandhya', 'sajan.gore@gmail.com', 'India', '91', '9880086637', 'Subscribe test', '', '', NULL, '2018-01-12 13:33:47', '2018-01-12 13:33:47'),
(4, 'Vidyanidhi Rege ', 'Vinirege@gmail.com ', 'United States', '1', '240-460-4859', '', '', '', NULL, '2018-01-15 07:45:06', '2018-01-15 07:45:06'),
(5, 'Sandeep kale', 'Sanpal30@yahoo.com', 'United States', '1', '4102925870', '', '', '', NULL, '2018-02-12 00:15:17', '2018-02-12 00:15:17'),
(6, 'Rash I Wagle', 'rashmi_wagle@yahoo.com', 'United States', '1', '240-593-1087', '', '', '', NULL, '2018-02-12 00:21:06', '2018-02-12 00:21:06'),
(7, 'Aditi', 'Aditi_kulkarni@hotmail.com', 'United States', '1', '4438122071', '', '', '', NULL, '2018-02-12 00:22:48', '2018-02-12 00:22:48'),
(8, 'Azizat Sadiq', 'naranjo.grazyna@hotmail.com', 'United States', '1', '0812 4578900', 'This past week a 18 year old guy became super rich with Bet9ja after scopping the sum of 60 million Naira with a N400 bet and this winning ticket 033A3A15533A8-. Follow this link to find out how they did it --- https://register.bet9ja.com/?promocode=yohai', '', '', NULL, '2018-02-14 02:48:48', '2018-02-14 02:48:48'),
(9, 'Zack Orji', 'swift.becky@gmail.com', 'United States', '1', '0907 8905670', 'Check it out here - http://www.yohaig.ng/', '', '', NULL, '2018-02-16 10:37:42', '2018-02-16 10:37:42'),
(10, 'Ramakrishna Marthi', 'marthisastry@hotmail.com', 'United States', '1', '9082401485', '', '', '', NULL, '2018-02-23 05:01:03', '2018-02-23 05:01:03'),
(11, 'Akshay Belle', 'akshaykr2@gmail.com', 'United States', '1', '7036227441', '', '', '', NULL, '2018-03-06 05:40:50', '2018-03-06 05:40:50'),
(12, 'Nishant ', 'Shahnishu@yahoo.co.in ', 'United States', '1', '9736107213', '', '', '', NULL, '2018-03-07 03:46:15', '2018-03-07 03:46:15'),
(13, 'Sumesh yogesh', 'ssviji1@gmail.com6306', 'United States', '1', 'All the best wishes ', '', '', '', NULL, '2018-03-07 09:42:45', '2018-03-07 09:42:45'),
(14, 'Nagarajan pattabiraman', 'Nagu2000@yahoo.com', 'United States', '1', '4437214067', '', '', '', NULL, '2018-03-10 15:39:50', '2018-03-10 15:39:50'),
(15, 'Rajat Ravinder Varuni', 'rajatrv@gmail.com', 'United States', '1', '2026566236', '', '', '', NULL, '2018-03-18 20:55:54', '2018-03-18 20:55:54'),
(16, 'Karen Speicher', 'karen_dawn@comcast.net', 'United States', '1', '4107210657', 'Please send email updates about events.', '', '', NULL, '2018-03-18 21:29:18', '2018-03-18 21:29:18'),
(17, 'Krishan Singal', 'krishansingal@hotmail.com', 'United States', '1', '4104095647', '', '', '', NULL, '2018-03-18 21:32:57', '2018-03-18 21:32:57'),
(18, 'Satyan Agarwal', 'agarwalsatyan@hotmail.com', 'United States', '1', '4109797967', 'Jai Ganesh,\r\nPlease add me to the list. ', '', '', NULL, '2018-03-22 02:47:06', '2018-03-22 02:47:06'),
(19, 'satya', 'uapooja@gmail.com', 'United States', '1', '240-350-5096', 'hi', '', '', NULL, '2018-03-25 19:35:15', '2018-03-25 19:35:15'),
(20, '      Satyan Agarwal', '           agarwalsatyan@hotmail.com', 'United States', '1', '          410-979-7967  ', 'hi', '', '', NULL, '2018-03-25 19:37:16', '2018-03-25 19:37:16'),
(21, 'R.S.Venkatachalam', 'Rsvenkatachalam@gmail.com', 'United States', '1', '240-476-9431', 'Very Good to Hear that a Siddhi Vinayakar Temple is to be built in Glen Burnie.  ', '', '', NULL, '2018-04-12 17:16:14', '2018-04-12 17:16:14'),
(22, 'Srinivasan Narayanan', 'shrinarayanan@verizon.net', 'United States', '1', '7032390458', '', '', '', NULL, '2018-04-12 20:47:13', '2018-04-12 20:47:13'),
(23, 'Deepikakotta', 'deepikakotta@yahoo.com', 'United States', '1', '410-402-3024', '', '', '', NULL, '2018-04-14 06:38:24', '2018-04-14 06:38:24'),
(24, 'anita patel', 'harshilla@yahoo.com', 'United States', '1', '4104800097', '', '', '', NULL, '2018-04-25 06:28:49', '2018-04-25 06:28:49'),
(25, 'Ashwini Devare', 'rashwini123@gmail.com', 'United States', '1', '443-470-0830', 'Let me know how we can volunteer during June 8\r\nto 10', '', '', NULL, '2018-04-27 22:45:10', '2018-04-27 22:45:10'),
(26, 'subhash paradkar', 'subhash.paradkar@gmail.com', 'United States', '1', '70356293008', '', '', '', NULL, '2018-05-06 05:25:05', '2018-05-06 05:25:05'),
(27, 'prakash Cherukupalli', 'pragad@aol.com', 'United States', '1', '7039638454', '', '', '', NULL, '2018-05-07 07:26:06', '2018-05-07 07:26:06'),
(28, 'divya', 'divyajindal08@gmail.com', 'United States', '1', '4435641583', '', '', '', NULL, '2018-05-08 20:31:26', '2018-05-08 20:31:26'),
(29, 'Beth Kulkarni', 'beth.kulkarni@gmail.com', 'United States', '1', '832-687-7599', 'Although I live in Texas, I am interested in your temple. Bhargava Sarma was my priest here in The Woodlands.', '', '', NULL, '2018-05-09 22:40:51', '2018-05-09 22:40:51'),
(30, 'Bhaskar', 'bhaskarbhanu@gmail.com', 'United States', '1', '4436681023', '', '', '', NULL, '2018-05-19 03:56:40', '2018-05-19 03:56:40'),
(31, 'Swati Nair ', 'Swatih.nair@gmail.com', 'United States', '1', '4437660416', 'I. Would like toenroll daughters participate in educational and cultural events ', '', '', NULL, '2018-05-19 08:53:01', '2018-05-19 08:53:01'),
(32, 'ananthalaxmi', 'alkola@hotmail.com', 'United States', '1', '4103918028', '', '', '', NULL, '2018-05-20 04:45:50', '2018-05-20 04:45:50'),
(33, 'Nobert Young', 'halligan.rashad@gmail.com', 'United States', '1', '0809 7775690', 'Secrets of winning bet9ja http://corta.co/e2Z\r\n\r\nWe bet you would like to know the secret of winning bet9ja https://register.bet9ja.com/?promocode=yohaig, wouldnt you? Well, you are in luck, as we will give you some tips on how to play and how to make a ', '', '', NULL, '2018-05-22 07:16:32', '2018-05-22 07:16:32'),
(34, 'Rakhee', 'naik.rakhee@gmail.com', 'United States', '1', '4438575127', '', '', '', NULL, '2018-05-23 08:42:24', '2018-05-23 08:42:24'),
(35, 'Michael Ezuruonye', 'zane.mcilvain@gmail.com', 'United States', '1', '0814 8905670', 'Governor Shettima: I have asked Bet9ja and Nairabet agents to leave Borno\r\n\r\n\r\nRead more here ----- http://bluebell.sch.ng/index.php/component/k2/itemlist/user/766154', '', '', NULL, '2018-05-24 15:13:17', '2018-05-24 15:13:17'),
(36, 'ravi k mittal', 'ravim1961@gmail.com', 'United States', '1', '3014661651', '', '', '', NULL, '2018-05-30 23:19:03', '2018-05-30 23:19:03'),
(37, 'Sreenivasulu chittooru', 'schittoor@gmail.com', 'United States', '1', '2015150277', '', '', '', NULL, '2018-06-02 04:10:47', '2018-06-02 04:10:47'),
(38, 'Vinay Nagabhushana', 'vinay.nagbhushana@gmail.com', 'United States', '1', '5712010818', '', '', '', NULL, '2018-06-02 21:57:49', '2018-06-02 21:57:49'),
(39, 'Shilpa Rajput ', 'rajput.shilpa001@gmail.com', 'United States', '1', '4409990143', '', '', '', NULL, '2018-06-05 00:56:32', '2018-06-05 00:56:32'),
(40, 'sethu baskaran', 'sb81952@aol.com', 'United States', '1', '4104658181', '', '', '', NULL, '2018-06-06 00:02:15', '2018-06-06 00:02:15'),
(41, 'KIRAN BEHARIE', 'kbeharie@gmail.com', 'United States', '1', '9289190491', '', '', '', NULL, '2018-06-06 22:56:37', '2018-06-06 22:56:37'),
(42, 'Anu Golden', 'Anugolden@verizon.net', 'United States', '1', '3014626566', 'Thank you', '', '', NULL, '2018-06-10 01:05:19', '2018-06-10 01:05:19'),
(43, 'Emem Isong', 'coolidge.lynn@hotmail.com', 'United States', '1', '0817 4578900', 'Deals of The Day - Only 8% remaining in stock\r\n\r\n\r\nFollow this link to find out more - http://tiny.cc/NGdeals', '', '', NULL, '2018-06-11 02:27:00', '2018-06-11 02:27:00'),
(44, 'RAJESH KHATRI', 'RAJUKHATRI24@YAHOO.COM', 'United States', '1', '5716435858', 'Jay Ganesh ', '', '', NULL, '2018-06-11 23:45:36', '2018-06-11 23:45:36'),
(45, 'Onyeka Onwenu', 'ignacio.adalberto@gmail.com', 'United States', '1', '0906 7097756', 'Croatia to beat Nigeria 2-1\r\n\r\n\r\nFollow this link to find out more - http://omokpowerltd.com.ng/index.php/component/k2/itemlist/user/23835', '', '', NULL, '2018-06-13 00:07:09', '2018-06-13 00:07:09'),
(46, 'Rich Oganiru', 'valencia.melissa40@hotmail.com', 'United States', '1', '0805 5672340', 'Nigeria to beat Argentina 4-2\r\n\r\n\r\nFollow this link to find out more - http://www.bluebell.sch.ng/index.php/component/k2/itemlist/user/1175419', '', '', NULL, '2018-06-26 13:06:44', '2018-06-26 13:06:44'),
(47, 'Ram', 'rprasad3693@gmail.com', 'United States', '1', '7033435388', '', '', '', NULL, '2018-07-02 03:05:41', '2018-07-02 03:05:41'),
(48, 'Randy', 'Randy@TalkWithLead.com', 'United States', '1', '416-385-3200', 'Hi,\r\n\r\nMy name is Randy and I was looking at a few different sites online and came across your site siddhivinaayak.org.  I must say - your website is very impressive.  I found your website on the first page of the Search Engine. \r\n\r\nHave you noticed that ', '', '', NULL, '2018-07-11 01:00:35', '2018-07-11 01:00:35'),
(49, 'Sudha Prasannappa', 'sprasannappa@gmail.com', 'United States', '1', '7032313828', '', '', '', NULL, '2018-07-25 22:33:28', '2018-07-25 22:33:28'),
(50, 'Jaishri Sidhwaney', 'jsidhwaney@gmail.com', 'United States', '1', '4107965068', '', '', '', NULL, '2018-07-26 09:45:02', '2018-07-26 09:45:02'),
(51, 'Geetha Davuluri', 'dtgeetha@yahoo.com', 'United States', '1', '3013123696', '', '', '', NULL, '2018-07-31 23:33:29', '2018-07-31 23:33:29'),
(52, 'Sitaram Suri', 'Sitaram.suri@gmail.com', 'United States', '1', '5106767449', '', '', '', NULL, '2018-08-01 05:21:20', '2018-08-01 05:21:20'),
(53, 'Judix', 'bggfbx@hotmail.com', 'United States', '1', '65736279054', 'cso1cE http://www.LnAJ7K8QSpfMO2wQ8gO.com', '', '', NULL, '2018-08-07 12:48:38', '2018-08-07 12:48:38'),
(54, 'Ramya', 'bsvramya@gmail.com', 'United States', '1', '2246786518', '', '', '', NULL, '2018-08-08 23:31:16', '2018-08-08 23:31:16'),
(55, 'Syamala Kiran Kumar Garimella', 'kiransyamala@yahoo.co.in', 'United States', '1', '3612272373', 'Ganesh Maharaj ki Jai', '', '', NULL, '2018-08-14 01:20:22', '2018-08-14 01:20:22'),
(56, 'sudha kamath', 'sudhakamath3@gmail.com', 'United States', '1', '4434173195', '', '', '', NULL, '2018-08-14 21:08:39', '2018-08-14 21:08:39'),
(57, 'Margishi Desai', 'margidesai78@gmail.com', 'United States', '1', '7326751504', '', '', '', NULL, '2018-08-18 07:46:46', '2018-08-18 07:46:46'),
(58, 'Nikki Dalal ', 'Nikkidalal@hotmail.com ', 'United States', '1', '202 752 7026', 'Please keep me posted n events, pooja times etc. ', '', '', NULL, '2018-08-19 21:31:46', '2018-08-19 21:31:46'),
(59, 'Nita Shanbhag ', 'shanbhagvinny@gmail.com', 'United States', '1', '301-275-4904', 'I would like to get informaftion about any upcoming events at the temple ', '', '', NULL, '2018-08-23 06:15:04', '2018-08-23 06:15:04'),
(60, 'Surendra Pothuraju', 'surendrapv@gmail.com', 'United States', '1', '7324707388', '', '', '', NULL, '2018-08-30 22:02:34', '2018-08-30 22:02:34'),
(61, 'Sonali Rangnekar', 'sonali.rangnekar@gmail.com', 'United States', '1', '2402524564', '', '', '', NULL, '2018-09-02 10:15:00', '2018-09-02 10:15:00'),
(62, 'SREEDHAR KETHIREDDY', 'sreedhar@live.in', 'United States', '1', '7324857642', '', '', '', NULL, '2018-09-03 02:24:48', '2018-09-03 02:24:48'),
(63, 'Keshav Ratwani ', 'mrindia53@yahoo.com', 'United States', '1', '0000000000', 'Please place me on your  email list for special events and festivals ', '', '', NULL, '2018-09-08 09:20:43', '2018-09-08 09:20:43'),
(64, 'Rita Hirpara', 'hirpararita@yahoo.com', 'United States', '1', '443 996 4187', '', '', '', NULL, '2018-09-12 20:24:08', '2018-09-12 20:24:08'),
(65, 'Kate Henshaw-Nuttal', 'gladden.salvador@outlook.com', 'United States', '1', '0804 7097756', 'JUMIA ELECTRONICS MEGA SALE - High Voltage Deals & Low Voltage Prices.\r\n\r\n\r\nClick here to find out more >> http://tiny.cc/electronicsmegadeal\r\n\r\n\r\n\r\n1) Canon Pixma E414 Inkjet (Print, Scan & Copy Printer) - reduced from N16,990 to N7,990.\r\n\r\n2) HP Laptop ', '', '', NULL, '2018-09-21 09:36:38', '2018-09-21 09:36:38'),
(66, 'Ramana Uppoor', 'uppoorr@gmail.com', 'United States', '1', '2406317176', '', '', '', NULL, '2018-09-23 03:46:38', '2018-09-23 03:46:38'),
(67, 'Mahipalsinh ', 'mahipalsinhparmar@gmail.com ', 'United States', '1', '410-818-3869', 'Jai Ganeshaya', '', '', NULL, '2018-09-26 06:01:03', '2018-09-26 06:01:03'),
(68, '5bb7cfe693608', 'carolyntan95@gmail.com', 'Afghanistan', '93', '', '', '', '', NULL, '2018-10-06 03:56:04', '2018-10-06 03:56:04'),
(1065, 'Eric', 'eric@talkwithcustomer.com', 'United States', '1', '416-385-3200', 'Hello,\r\n\r\nRunning a website like siddhivinaayak.org is a lot like trying to fill a leaky bucket.\r\n\r\nYou promote, get website visitor, they drop out... you promote, get more website visitors, they drop out...\r\n\r\nBut today I wanted to address the \"leaky buc', '', '', NULL, '2019-02-11 14:39:42', '2019-02-11 14:39:42'),
(1064, 'Babatunde Omidina', 'fanning.diane@yahoo.com', 'United States', '1', '08131010105', 'Liverpool vs Bournemouth - 09-02-2019\r\n\r\nBetting Tips, Betting Odds, Match Line-up, Predictions & Statistics\r\n\r\nCLICK HERE FOR MORE : http://tiergames.com/liverpool-vs-bournemouth-09-02-2019/', '', '', NULL, '2019-02-09 19:44:52', '2019-02-09 19:44:52'),
(1063, 'Alhaji Abass Akande Obesere', 'reinhart.michele@gmail.com', 'United States', '1', '08151010114', 'Fulham vs Manchester United - 09-02-2019\r\n\r\nBetting Tips, Betting Odds, Match Line-up, Predictions & Statistics\r\n\r\nCLICK HERE FOR MORE : http://tiergames.com/fulham-vs-manchester-united-09-02-2019/', '', '', NULL, '2019-02-09 02:25:48', '2019-02-09 02:25:48'),
(1062, 'Femi Branch', 'maggie.conrad@gmail.com', 'United States', '1', '08181010125', 'http://www.bet9jamobilenews.com.ng/', '', '', NULL, '2019-02-08 00:26:40', '2019-02-08 00:26:40'),
(1061, 'mmpssfxdoyc', 'gdcica@lazcpl.com', 'United States', '1', '72782250097', 'HZDlFh  <a href=\"http://zldoemhxurkh.com/\">zldoemhxurkh</a>, [url=http://csrabqbbqhyb.com/]csrabqbbqhyb[/url], [link=http://hmbudkrljpvd.com/]hmbudkrljpvd[/link], http://bbyfklgekozg.com/', '', '', NULL, '2019-01-22 08:51:03', '2019-01-22 08:51:03'),
(1060, 'ksofqom', 'ciloul@fexsvf.com', 'United States', '1', '47441064232', 'r5VrIj  <a href=\"http://dgbjxwmdccog.com/\">dgbjxwmdccog</a>, [url=http://aouixcsncvgv.com/]aouixcsncvgv[/url], [link=http://qrzvpbebrrha.com/]qrzvpbebrrha[/link], http://bmvsrkhredfi.com/', '', '', NULL, '2019-01-22 08:50:47', '2019-01-22 08:50:47'),
(1059, 'dnpiyb', 'fykxek@oemjrb.com', 'United States', '1', '30453272710', 'CFFKNQ  <a href=\"http://shmixolftckw.com/\">shmixolftckw</a>, [url=http://ljtzgmnxgvuq.com/]ljtzgmnxgvuq[/url], [link=http://vuzqqyeyndgo.com/]vuzqqyeyndgo[/link], http://cdpnxptsbwnz.com/', '', '', NULL, '2019-01-20 17:51:43', '2019-01-20 17:51:43'),
(1058, 'Elizabeth Gonzalez', 'elizabethghoa2gonzalez@aol.com', 'United States', '1', '(805) 372-1751', 'Have you seen this?\r\n\r\nhttp://traffictips.top/new-lead-gen-method\r\n\r\nIts so simple, I had to check it out to believe it. \r\n\r\nElizabeth G\r\n\r\n\r\n\r\n\r\n\r\n\r\n\r\n\r\n\r\n\r\n\r\n\r\n\r\n\r\n\r\n\r\n\r\n500 Westover Dr #12733\r\nSanford, NC 27330\r\n\r\nMy apologies if this commercial messag', '', '', NULL, '2019-01-20 07:42:24', '2019-01-20 07:42:24'),
(1056, 'Pratik Trivedi ', 'Prstrivedi007@gmail.com', 'United States', '1', '4439073777', '', '', '', NULL, '2018-12-19 06:03:53', '2018-12-19 06:03:53'),
(1057, 'Bhuvana Venkatesh', 'kbhuvana@yahoo.com', 'United States', '1', '5713340948', '', '', '', NULL, '2019-01-10 00:18:53', '2019-01-10 00:18:53'),
(1067, 'Charles Novia', 'silvey.debra@gmail.com', 'United States', '1', '08101010104', 'Find the right gift for Her/Him for Valentines Day\r\n\r\nValentines Day Gifts for Her - Women\'s Perfumes, Fashion Accessories, Makeup, Coco Mademoiselle, Handbags by Susen, Makeup Set, Mon Paris, Curren Watches Women, Makeup Box, Giorgio Armani Si, Lingerie', '', '', NULL, '2019-02-13 00:54:16', '2019-02-13 00:54:16'),
(1066, 'Ayo Shonaiya', 'foulds.faye@yahoo.com', 'United States', '1', '08101010104', 'Deals Starting as low as N1000\r\n\r\n\r\nLimited Stock available so Click to find out more >> https://bit.ly/2tl0zcF\r\n', '', '', NULL, '2019-02-12 05:08:06', '2019-02-12 05:08:06'),
(1068, 'hairsh agarwal', 'harishnine@gmail.com', 'India', '91', '9374963199', 'i want calender ', '', '', NULL, '2019-02-15 19:44:04', '2019-02-15 19:44:04'),
(1069, 'Hannah Martin', 'hannahqevz0martin@aol.com', 'United States', '1', '573-738-8918', 'Found your site today and I liked how good it looked.  However I do have a question, could your site handle more traffic?  \r\n\r\nWe can drive guaranteed targeted visitors to your site based multiple factors.\r\n\r\nIf you want more site visitors you can see mor', '', '', NULL, '2019-02-15 22:13:27', '2019-02-15 22:13:27'),
(1070, 'Wilfred Ndidi', 'teri.probert@gmail.com', 'United States', '1', '07061010101', 'Chelsea v Manchester City\r\n\r\nArsenal vs Southampton\r\n\r\nManchester United v Liverpool\r\n\r\nBetting Tips, Betting Odds, Match Line-up, Predictions & Statistics\r\n\r\nCLICK HERE FOR MORE : https://tinyurl.com/bet9jaNG', '', '', NULL, '2019-02-25 03:04:45', '2019-02-25 03:04:45'),
(1071, 'Tessa Gartrell', 'gartrell.tessa@gmail.com', 'United States', '1', '(65) 5949-9150', 'Here are The Best Fiverr SEO Gigs that are quick & simple:\r\n\r\n1) Improve SEO by increasing referring domains\r\n2) Catapult Your Rankings With My High Pr Seo Authority Links\r\n3) Catapult Your Google SEO With Manual High Authority Backlinks And Trust Links\r\n', '', '', NULL, '2019-03-04 11:27:18', '2019-03-04 11:27:18'),
(1072, 'Monica ', 'monicapatil_22@yahoo.co.in', 'United States', '1', '8479775902', '', '', '', NULL, '2019-03-20 20:08:56', '2019-03-20 20:08:56'),
(1073, 'Ravi Arya', 'r_arya@hotmail.com', 'United States', '1', '4109524987', '', '', '', NULL, '2019-03-23 19:05:48', '2019-03-23 19:05:48'),
(1074, 'emlepvotx', 'mozlpc@dhemcq.com', 'United States', '1', '86301072612', 'nZuCmp  <a href=\"http://yivgryqsjblu.com/\">yivgryqsjblu</a>, [url=http://dszozvjjfdxj.com/]dszozvjjfdxj[/url], [link=http://zicmtkvfugre.com/]zicmtkvfugre[/link], http://ytwsulldtosh.com/', '', '', NULL, '2019-04-04 01:36:31', '2019-04-04 01:36:31'),
(1075, 'Uma Prasad', 'Umaprasad20 @yahoo.com', 'United States', '1', '443-545-4655', '', '', '', NULL, '2019-04-09 00:17:29', '2019-04-09 00:17:29'),
(1076, 'Trish Goff', 'trish@centtip.com', 'United States', '1', '06-56705052', 'Invite You to Review Our Product\r\n\r\nHi,\r\n\r\nI am Trish from the American Beauty Association.\r\n\r\nIm reaching out to you because we are looking for beauty enthusiasts like you to test our makeup brush. \r\n\r\nGo here:www.centtip.xyz  to test the Mieoko Flat T', '', '', NULL, '2019-04-12 13:05:02', '2019-04-12 13:05:02'),
(1077, 'Sunanda kakade', 'Sunanda.kakade43@gmail.com', 'United States', '1', '6512021922', 'Om shanti ', '', '', NULL, '2019-04-18 16:35:25', '2019-04-18 16:35:25'),
(1078, 'Katheryn Dobbs', 'katherynd@moreseats.xyz', 'United States', '1', '329-888-9090', 'Your RSVP link to the live meeting with Tony Robbins and Dean Graziosi :\r\nhttps://moreseats.xyz/tl/?=siddhivinaayak.org\r\nI picked up the tab on my expense account for you and everyone you invite just send them that link. They are worth $500 per so make su', '', '', NULL, '2019-04-29 07:18:30', '2019-04-29 07:18:30'),
(1079, 'Raghu Prabhu ', 'raghurprabhu@gmail.com', 'United States', '1', '4103400774', '', '', '', NULL, '2019-05-22 01:24:18', '2019-05-22 01:24:18'),
(1080, 'Tolu Aduke', 'orisatolu@me.com', 'United States', '1', '4104994473', '', '', '', NULL, '2019-05-22 23:29:02', '2019-05-22 23:29:02'),
(1081, 'Hannah Wilson', 'vnowstorm@yahoo.com', 'United States', '1', '573-738-8918', 'Hey nice site.  You seem like a hard working company, Im sure you do well.  \r\n\r\nWhat if you had even more sales or customers, would you be able to keep up?  \r\n\r\nWe direct people that are interested in your products / services to you.     Discover how we c', '', '', NULL, '2019-05-30 06:56:59', '2019-05-30 06:56:59'),
(1082, 'KRISHMA TAILOR', 'krisht05@yahoo.co.in', 'United States', '1', '2407139499', '', '', '', NULL, '2019-06-03 01:48:59', '2019-06-03 01:48:59'),
(1083, 'Amit Kothari ', 'Aim_amit_kothari@yahoo.com', 'United States', '1', '7572434454', 'I need to register for yagna', '', '', NULL, '2019-06-11 06:54:14', '2019-06-11 06:54:14'),
(1084, 'Lisa Brown', 'lisa@get-online-visibility.com', 'India', '91', '9013061554', 'First page rankings on Google\r\n\r\nWe can put your website on 1st page of Google to drive relevant traffic to your site. Let us know if you would be interested in getting detailed proposal. We can also schedule a call & will be pleased to explain our servic', '', '', NULL, '2019-06-15 12:32:40', '2019-06-15 12:32:40'),
(1085, 'Tianna Forcino', 'tianna@interactivewise.com', 'United States', '1', '', 'Did you know that you can earn more money through Media ads network?\r\n\r\nMedia ads network has a very large base of advertisers who mainly advertise on Bing and Yahoo network\r\n\r\nAfter becoming a member of the network, you will get a customer representative', '', '', NULL, '2019-07-03 19:17:58', '2019-07-03 19:17:58'),
(1086, 'VANAM RAJU', 'vanamraju11@gmail.com', 'India', '91', '9010888803', 'OM GANADIPATHAEA NAMAHA', '', '', NULL, '2019-07-11 08:30:16', '2019-07-11 08:30:16'),
(1087, 'Marylyn Hanson', 'hanson.marylyn@yahoo.com', 'United States', '1', '05.62.01.35.67', 'For less than $50 per month I can get hundreds of qualified buyers to come to your site. Would you be interested in finding out more? Just reply to this email address for more information: highconvertingvisitors@gmail.com', '', '', NULL, '2019-07-12 14:18:53', '2019-07-12 14:18:53'),
(1088, 'Sunanda Kakade ', 'Sunanda.kakade42@gmail.com', 'United States', '1', '6512021922', '', '', '', NULL, '2019-07-18 15:32:07', '2019-07-18 15:32:07'),
(1089, 'Bhim subedi', 'Bhimsube@gmail.com', 'United States', '1', '7073428699', '', '', '', NULL, '2019-07-21 01:41:01', '2019-07-21 01:41:01'),
(1090, 'Damaris Kell', 'damaris.kell@googlemail.com', 'United States', '1', '53 286 35 23', 'For only $39 every month I can get tons of high converting visitors to visit your site. Would you be interested in finding out more? Just reply to this email address for more information: grace5764wil@gmail.com', '', '', NULL, '2019-07-22 00:09:31', '2019-07-22 00:09:31'),
(1091, 'Vijaya Reddy', 'vijayareddy7@yahoo.com', 'United States', '1', '301-490-3736', '', '', '', NULL, '2019-07-22 16:17:29', '2019-07-22 16:17:29'),
(1092, 'Carmen Carries', 'ccarries@roitraffic.icu', 'United States', '1', '573-738-8918', 'Id like to introduce you to a service that connects you with people interested in your business.  This point and click service is simple and easy because we do all the work for you.  \r\n\r\nDiscover how you can get new customers today:\r\n\r\nhttps://roitraffic.', '', '', NULL, '2019-07-24 15:08:47', '2019-07-24 15:08:47'),
(1093, 'Errol Sebastian', 'sebastian.errol@googlemail.com', 'United States', '1', '070 1749 6349', 'Get better results for your website by leveraging the power of social media and Youtube. Have a look at 7 proven marketing systems that I\'ve tested and found to be very effective. Visit: https://quicksocial.club/', '', '', NULL, '2019-07-24 21:17:26', '2019-07-24 21:17:26'),
(1094, 'Brooke Smith', 'brookecvsulsmith@aol.com', 'United States', '1', '(805) 372-1751', 'Hi,\r\n  You have a great website.  May I ask how your SEO is doing?\r\n\r\nDo you have enough people coming to your website?\r\n\r\nWe can help improve your SEO.  \r\n\r\nhttps://businessseo.top/wal/?=siddhivinaayak.org\r\n\r\nRegards,\r\nBrooke\r\nSEO Expert\r\n\r\n\r\n\r\n\r\n\r\n\r\n\r\n\r', '', '', NULL, '2019-07-25 10:19:33', '2019-07-25 10:19:33'),
(1095, 'Rachana  Garde', 'rvgarde@gmail.com', 'United States', '1', '9194510972', '', '', '', NULL, '2019-07-25 21:03:21', '2019-07-25 21:03:21'),
(1096, 'Angelika Warman', 'angelika.warman@yahoo.com', 'United States', '1', '', 'Interested in an advertising service that costs less than $50 per month and delivers tons of people who are ready to buy directly to your website? Please send me a reply here: jack6996wil@gmail.com to find out how this works.', '', '', NULL, '2019-08-01 13:29:35', '2019-08-01 13:29:35'),
(1097, 'Kazuko Shepard', 'kazuko.shepard@gmail.com', 'United States', '1', '0388 3204377', 'Would you like to promote your business on 1000\'s of Advertising sites monthly? Pay one low monthly fee and get virtually unlimited traffic to your site forever!Get more info by visiting: http://lotsofadsposted4u.myvnc.com', '', '', NULL, '2019-08-02 02:41:20', '2019-08-02 02:41:20'),
(1098, 'Tawanna Pape', 'pape.tawanna@gmail.com', 'United States', '1', '0333 9961248', 'Do you want to make money online but you dont know how?\r\nWould you like to break away from old ways of thinking that are holding you back from succeeding with your business?\r\n\r\nThe answer is simple: making a plan is the key to starting a profitable onlin', '', '', NULL, '2019-08-03 16:48:08', '2019-08-03 16:48:08'),
(1099, 'Naraynan Krishnan', 'babuk108@gmail.com', 'United States', '1', '5083803489', 'It will be a great service to the local community and I am happy to participate. Good Wishes and Jai Ganesh!!', '', '', NULL, '2019-08-09 17:51:11', '2019-08-09 17:51:11'),
(1100, 'Ryan Rao', 'Rrsiddhi11@gmail.com', 'United States', '1', '5713144370', 'Newsletters ', '', '', NULL, '2019-08-15 01:55:56', '2019-08-15 01:55:56'),
(1101, 'Karunasree Bommana', 'Karuna_sree@yahoo.com', 'United States', '1', '6142601857', '', '', '', NULL, '2019-08-15 06:27:11', '2019-08-15 06:27:11'),
(1102, 'Ricardo Carman', 'ricardo.carman@gmail.com', 'United States', '1', '(71) 3819-9176', 'Hi\r\n\r\nI really want to say what a good-looking site you have bild!\r\nI am a customer of your store.\r\nend really like your webshop.\r\nI had visited your shop last week, and I saw a very nice product i wanne buy.\r\nBut I have a question! today I wanted to orde', '', '', NULL, '2019-08-26 16:32:34', '2019-08-26 16:32:34'),
(1103, 'Jignasha Chandra', 'gigs64@yahoo.com', 'United States', '1', '4435703335', '', '', '', NULL, '2019-08-30 02:00:15', '2019-08-30 02:00:15'),
(1104, 'Gaston Mooring', 'gaston.mooring@hotmail.com', 'United States', '1', '06353 82 66 48', 'Do you want to post your business on thousands of advertising sites every month? One tiny investment every month will get you virtually unlimited traffic to your site forever!Get more info by visiting: http://lotsofadsposted.ddns.net', '', '', NULL, '2019-08-31 11:23:05', '2019-08-31 11:23:05'),
(1105, 'Pratap', 'Pkakarla@hotmail.com', 'United States', '1', '4108075655', '', '', '', NULL, '2019-09-02 18:44:45', '2019-09-02 18:44:45'),
(1106, 'Seems', 'Seemakapoor12@yahoo.com', 'United States', '1', '4433066823', '', '', '', NULL, '2019-09-05 05:31:07', '2019-09-05 05:31:07'),
(1107, 'Sara Halbert', 's.halbert@greatpatron.icu', 'United States', '1', '573-738-8918', 'I see your doing great things with your website, but like I said if you had more traffic, could you handle it? \r\n\r\nWe run a global advertising network that can drive more targeted traffic for you.  \r\n\r\nDo you want more targeted traffic?\r\n\r\nhttps://greatpa', '', '', NULL, '2019-09-05 08:04:03', '2019-09-05 08:04:03'),
(1108, 'Gerda Navo', 'gerda@interactivewise.com', 'United States', '1', '306-672-3570', 'Invest In The Channel Generating The Highest ROI - Risk-Free For 30 Days\r\n\r\nTry pro email marketing tool  risk-free for 30 days: https://www.interactivewise.com/bestvalue\r\n\r\nIt\'s never been easier to connect with your audience and drive success for your b', '', '', NULL, '2019-09-06 19:17:09', '2019-09-06 19:17:09'),
(1109, 'George Martin', 'george1@georgemartinjr.com', 'United States', '1', '077 4206 4981', 'Would you be interested in submitting a guest post on georgemartjr.com or possibly allowing us to submit a post to siddhivinaayak.org ? Maybe you know by now that links are essential\r\nto building a brand online? If you are interested in submitting a post ', '', '', NULL, '2019-09-11 06:43:41', '2019-09-11 06:43:41'),
(1110, 'Nikki Amuka-Bird', 'archer.wrenfordsley@gmail.com', 'United States', '1', '', 'Click here for more Nigerian news~ https://www.yohaig.ng/ - YOHAIG (YOruba HAusa IGbo)', '', '', NULL, '2019-09-25 06:48:25', '2019-09-25 06:48:25'),
(1111, 'Eldon Schurr', 'schurr.eldon@gmail.com', 'United States', '1', '0366 3058408', 'Hi there,\r\n\r\nI just visited your site and thought you might also be interested in this\r\nSEO service I\'m using at the moment, there\'s a 30-day free trial at the \r\nmoment so check it out: urlzs.com/YrFx2\r\n\r\nYes, I\'m an affiliate, but I also use these guys t', '', '', NULL, '2019-09-29 06:38:20', '2019-09-29 06:38:20'),
(1112, 'Sangita patel', 'Sangitapatel1024@yahoo.com', 'United States', '1', '3015492437', '', '', '', NULL, '2019-09-30 00:58:15', '2019-09-30 00:58:15'),
(1113, 'Soila Mullawirraburka', 'mullawirraburka.soila@hotmail.com', 'United States', '1', '077 6805 7488', 'Would you be interested in advertising that charges less than $40 every month and sends thousands of people who are ready to buy directly to your website? Send a reply to: mia4675whi@gmail.com and I\'ll send more details.', '', '', NULL, '2019-09-30 08:01:18', '2019-09-30 08:01:18'),
(1114, 'Sukeshi Hirpara', 'sjhirpara@yahoo.com', 'United States', '1', '4104581286', '', '', '', NULL, '2019-10-03 17:55:22', '2019-10-03 17:55:22'),
(1115, 'Bryan Dellinger', 'bryan.dellinger@outlook.com', 'United States', '1', '0612-2335890', 'Hey there,\r\nWould you like to reach new customers? \r\n\r\nWe are personally welcoming you to sign up with one of the leading influencer and affiliate networks online. \r\nThis network finds influencers and affiliates in your niche who will promote your product', '', '', NULL, '2019-10-06 16:01:25', '2019-10-06 16:01:25'),
(1116, 'Ebony Alpert', 'ebony.alpert@gmail.com', 'United States', '1', '09128 35 58 37', 'Would you like to submit your business on thousands of advertising sites every month? Pay one low monthly fee and get virtually unlimited traffic to your site forever!For more information just visit: http://adsonthousandsofsites.dealz.site', '', '', NULL, '2019-10-08 13:50:42', '2019-10-08 13:50:42'),
(1117, 'Barbra Baylor', 'baylor.barbra@outlook.com', 'United States', '1', '03.16.60.97.30', 'Would you like to post your ad on thousands of advertising sites monthly? One tiny investment every month will get you virtually unlimited traffic to your site forever!Get more info by visiting: http://adposting.n3t.n3t.store', '', '', NULL, '2019-10-10 03:13:40', '2019-10-10 03:13:40'),
(1118, 'Robert Harden', 'rob@roicustomers.icu', 'United States', '1', '573-738-8918', 'Business is going well it seems, good job with that!  \r\n\r\nWe run a global advertising network that can drive more traffic for you.  \r\n\r\nDo you need more targeted traffic to your website?\r\n\r\nhttps://roicustomers.icu/up?=siddhivinaayak.org\r\n\r\nRob\r\nroicustom', '', '', NULL, '2019-10-14 00:01:08', '2019-10-14 00:01:08'),
(1119, 'Ramnarace ', 'Rrambilas@hotmail.com', 'United States', '1', '703-551-0225', '', '', '', NULL, '2019-10-16 23:27:57', '2019-10-16 23:27:57'),
(1120, 'Charlie Herz', 'herz.charlie@gmail.com', 'United States', '1', '03.15.96.15.68', 'Hi,\r\nWant to reach brand-new clients? \r\n\r\nWe are personally inviting you to join one of the leading influencer and affiliate networks online. \r\nThis network finds influencers and affiliates in your niche who will promote your business on their sites and s', '', '', NULL, '2019-10-22 21:58:02', '2019-10-22 21:58:02'),
(1121, 'Kathryn Coaldrake', 'coaldrake.kathryn@googlemail.com', 'United States', '1', '091 578 71 29', 'Would you like to submit your business on 1000\'s of Advertising sites monthly? One tiny investment every month will get you virtually unlimited traffic to your site forever!For more information just visit: http://moreadsposted.n3t.store', '', '', NULL, '2019-10-26 11:02:12', '2019-10-26 11:02:12'),
(1122, 'Ram Thapa', 'thapa195@yahoo.com', 'United States', '1', '3147697996', '', '', '', NULL, '2019-10-27 21:24:03', '2019-10-27 21:24:03'),
(1123, 'Kala Visvanathan', 'kalavisvNathan1@gmail.com', 'United States', '1', '4434146621 ', '', '', '', NULL, '2019-10-28 02:15:32', '2019-10-28 02:15:32'),
(1124, 'Valencia Kappel', 'kappel.valencia@gmail.com', 'United States', '1', '306-492-8936', 'Do you want to post your advertisement on 1000\'s of Advertising sites every month? One tiny investment every month will get you virtually unlimited traffic to your site forever! To find out more check out our site here: http://improvesales.myadsubmissions', '', '', NULL, '2019-10-30 13:31:29', '2019-10-30 13:31:29'),
(1125, 'Dawn Frasure', 'frasure@centtip.xyz', 'United States', '1', '038351 98 78', 'Invite Bloggers and Webmasters to Fill out Paid Surveys\r\n\r\nI\'m Dawn from Centtip. \r\n\r\nWe are working with Inboxdollars to provide bloggers another opportunity to  earn cash or get rewards.\r\n\r\nAfter joining Inboxdollars, you will be able to get rewards by ', '', '', NULL, '2019-10-30 17:19:58', '2019-10-30 17:19:58'),
(1126, 'Daryl Reitz', 'reitz.daryl@googlemail.com', 'United States', '1', '0681 956 18 09', 'Looking for fresh buyers? Get tons of people who are ready to buy sent directly to your website. Boost your profits quick. Start seeing results in as little as 48 hours. For additional information email us here: florence3145hod@gmail.com', '', '', NULL, '2019-10-31 07:57:04', '2019-10-31 07:57:04'),
(1127, 'Broderick Martz', 'broderick.martz@gmail.com', 'United States', '1', '(73) 9325-8867', 'Hey there,\r\nWould you like to reach brand-new clients? \r\n\r\nWe are personally inviting you to sign up with one of the leading influencer and affiliate networks on the internet. \r\nThis network finds influencers and affiliates in your niche who will promote ', '', '', NULL, '2019-11-07 08:06:55', '2019-11-07 08:06:55'),
(1128, 'Tyrone Salamanca', 'salamanca.tyrone@gmail.com', 'United States', '1', '(95) 6339-2803', 'Hello! By reading this message then you\'ve proved that ads submitted via web contact forms like yours works! We can send your advertisement to people via their feedback form on their website. The advantage of this type of promotion is that messages sent t', '', '', NULL, '2019-11-07 22:37:59', '2019-11-07 22:37:59'),
(1129, 'Gaston Sidwell', 'gaston.sidwell21@gmail.com', 'United States', '1', '0680 572 68 00', 'How would you like to promote your ad on over 1000 ad sites monthly? One tiny investment every month will get you virtually unlimited traffic to your site forever! To find out more check out our site here: http://www.postmyads.tech', '', '', NULL, '2019-11-10 02:54:26', '2019-11-10 02:54:26'),
(1130, 'Almeda Stoltz', 'almeda.stoltz@gmail.com', 'United States', '1', '61-99-56-04', 'Want to post your ad on tons of online ad sites monthly? Pay one low monthly fee and get almost unlimited traffic to your site forever!For more information just visit: http://www.submitmyadnow.tech', '', '', NULL, '2019-11-20 01:46:37', '2019-11-20 01:46:37'),
(1131, 'Erin Cunningham', 'erin@qualitywebtraffic.top', 'United States', '1', '573-738-8918', 'Hi,\r\nWill you get as much business this Christmas season as you hope for?\r\n\r\nDo you have a plan in place to get the customers to your site?\r\n\r\nWe can help drive targeted customers to your site this holiday season:\r\nhttps://qualitywebtraffic.top/up/?=siddh', '', '', NULL, '2019-11-20 13:54:22', '2019-11-20 13:54:22'),
(1132, 'Sreenivasa R Potu', 'srinivaspotu@gmail.com', 'United States', '1', '9259849366', '', '', '', NULL, '2019-11-25 04:07:34', '2019-11-25 04:07:34'),
(1133, 'Richelle Bloomer', 'richelle.bloomer13@gmail.com', 'United States', '1', '(08) 8213 1837', 'Would you like to promote your ad on 1000\'s of Advertising sites monthly? One tiny investment every month will get you virtually unlimited traffic to your site forever! To find out more check out our site here: http://www.postingmoreads.xyz', '', '', NULL, '2019-11-25 10:22:54', '2019-11-25 10:22:54'),
(1134, 'Seth Olmstead', 'olmstead.seth@yahoo.com', 'United States', '1', '88 406 18 66', 'Need to find powerful online promotion that isn\'t completely full of it? Sorry to bug you on your contact form but actually that was kinda the point. We can send your advertising text to websites via their contact forms just like you\'re reading this ad ri', '', '', NULL, '2019-12-01 03:30:46', '2019-12-01 03:30:46'),
(1135, 'Marian Ostrander', 'marian.ostrander@gmail.com', 'United States', '1', '0393 9416261', 'Do you want more people to visit your website? Receive thousands of people who are ready to buy sent directly to your website. Boost your profits super fast. Start seeing results in as little as 48 hours. For more info email us here: walter3519rob@gmail.c', '', '', NULL, '2019-12-05 09:33:31', '2019-12-05 09:33:31'),
(1136, 'Errol Kruger', 'kruger.errol@gmail.com', 'United States', '1', '05.35.53.84.57', 'Hello -- today I want to give you a tip about becoming an overnight success.\r\nWhat makes a brand an overnight success?\r\n\r\nVirality.\r\n\r\nYou can absolutely crush your competition and reach to the top overnight, just by GOING VIRAL.\r\n\r\nHow can you go vial?\r\n', '', '', NULL, '2019-12-08 14:58:26', '2019-12-08 14:58:26'),
(1137, 'Lieselotte Berke', 'lieselotte.berke@msn.com', 'United States', '1', '473 3398', 'Have you had enough of expensive PPC advertising? Now you can post your ad on 1000s of ad sites and you only have to pay a single monthly fee. These ads stay up forever, this is a continual supply of organic visitors! To find out more check out our site h', '', '', NULL, '2019-12-12 09:13:46', '2019-12-12 09:13:46'),
(1138, 'Delphia Stillman', 'delphia.stillman@gmail.com', 'United States', '1', '06-49341504', 'Do you want to submit your advertisement on over 1000 ad sites monthly? One tiny investment every month will get you virtually unlimited traffic to your site forever! Check out our site for details: http://www.postyouradsontonsofsites.xyz', '', '', NULL, '2019-12-14 03:24:17', '2019-12-14 03:24:17'),
(1139, 'Silvia Siebenhaar', 'siebenhaar.silvia@yahoo.com', 'United States', '1', '0650 286 72 69', 'Are you looking for effective online promotion that isn\'t full of crap? Sorry to bug you on your contact form but actually that\'s exactly where I wanted to make my point. We can send your ad text to sites via their contact forms just like you\'re receiving', '', '', NULL, '2019-12-18 03:34:21', '2019-12-18 03:34:21'),
(1140, 'Jay Shetler', 'shetler.jay91@gmail.com', 'United States', '1', '(49) 7335-9530', 'Hey,\r\n\r\nI heard about SocialAdr from a friend of mine but was hesitant at first, because it sounded too good to be true.  She told me, \"All you have to do is enter your web page details and other members promote your URLs to their social media profiles au', '', '', NULL, '2019-12-18 23:10:40', '2019-12-18 23:10:40'),
(1141, 'siddhivinaayak.org', 'registration@siddhivinaayak.org', 'United States', '1', '1(315)517-8088', 'Attention: siddhivinaayak.org\r\n\r\nContact: 1(315)517-8088\r\n\r\nAttention: Accounts Payable Or Domain Owner\r\nwww.siddhivinaayak.org\r\n\r\nRequested Reply before: December 23, 2019\r\n\r\n\r\nFailure to complete your siddhivinaayak.org search engine registration by the', '', '', NULL, '2019-12-22 23:48:59', '2019-12-22 23:48:59'),
(1142, 'Kelly Wilson', 'kelly@webtraffic4you.top', 'United States', '1', '224-635-7828', 'Hey I see you are doing amazing as a company, good job!  It seems hard work is a rare things these days.  \r\n\r\nI wanted to offer you a chance at even more customers, is that something you would like?\r\n\r\nIt is the holiday season after all, so check it out:\r', '', '', NULL, '2019-12-24 20:04:40', '2019-12-24 20:04:40'),
(1143, 'Omar Sotelo', 'omar.sotelo@yahoo.com', 'United States', '1', '077 5414 7682', 'Would you be interested in an advertising service that costs less than $49 per month and delivers hundreds of people who are ready to buy directly to your website? Check out: http://www.moreleadsandsales.xyz ', '', '', NULL, '2019-12-25 00:03:23', '2019-12-25 00:03:23'),
(1144, 'Bradford Pelensky', 'bradford.pelensky@gmail.com', 'United States', '1', '0475 37 99 39', 'Wanna promote your ad on 1000\'s of Advertising sites every month? Pay one low monthly fee and get almost unlimited traffic to your site forever!Get more info by visiting: http://www.submitmyadnow.tech', '', '', NULL, '2020-01-01 02:42:57', '2020-01-01 02:42:57'),
(1145, 'Marquita Hales', 'marquita.hales@yahoo.com', 'United States', '1', '0318 0398365', 'Would you like to submit your business on 1000\'s of Advertising sites every month? For one small fee you\'ll get virtually unlimited traffic to your site forever! Get more info by visiting: http://www.moreadsposted.xyz', '', '', NULL, '2020-01-02 07:39:10', '2020-01-02 07:39:10'),
(1146, 'Usha Sharma-Charya', 'usha.sharmacharya@gmail.com', 'United States', '1', '301-873-5381', '', '', '', NULL, '2020-01-04 02:07:01', '2020-01-04 02:07:01'),
(1147, 'Ralf Houghton', 'ralf.houghton@gmail.com', 'United States', '1', '06-52605013', 'Do you want to promote your ad on over 1000 ad sites monthly? Pay one low monthly fee and get virtually unlimited traffic to your site forever! Get more info by visiting: http://www.moreadsposted.xyz', '', '', NULL, '2020-01-12 13:32:07', '2020-01-12 13:32:07'),
(1148, 'Zak Bingle', 'datazeon@gmail.com', 'United States', '1', '445 4649', 'I hope you are doing well!\r\n\r\n I was trying to check if you are looking for any specific B2B Database that may help you in your marketing initiatives?\r\n\r\n We have over 63 million records on our Database. We cover all industries Globally. All our Lists are', '', '', NULL, '2020-01-15 21:59:31', '2020-01-15 21:59:31'),
(1149, 'Daniele Arkwookerum', 'arkwookerum.daniele74@gmail.com', 'United States', '1', '71-18-45-35', 'Dr.Agarwal\'s Eye Hospital, India is offering Short Term Ophthalmic Courses in Phaco/SICS/ECCE, Zyoptix/Lasik with Femtosecond Laser,SMILE, Endothelial Keratoplasty, Retinal Lasers, Oculoplasty, Anterior/Posterior Vitrectomy, Retinal Lasers, Glued IOL, Yam', '', '', NULL, '2020-01-16 21:27:28', '2020-01-16 21:27:28'),
(1150, 'Ginger Velez', 'velez@thelocation3.com', 'United States', '1', '04.83.63.57.54', 'Hi\r\n\r\nMy name is Velez from the American Survey Association.\r\n\r\nIm reaching out to you because we are looking for business owners like you to fill out paid surveys. Would you be willing to fill out our survey about Business and Website?\r\n\r\nYou can visit', '', '', NULL, '2020-01-17 20:46:41', '2020-01-17 20:46:41'),
(1151, 'Katherine Walters', 'katherine@targetwebtraffic.top', 'United States', '1', '326-856-8918', 'Hi,\r\n\r\nAre you aware of a recent drop in visitors to your website? \r\n\r\nOddly enough, we detected that siddhivinaayak.org might have missed a lot of traffic in 2019. \r\n\r\nUnfortunately, our systems don\'t reveal why. But if you want to increase your visitors', '', '', NULL, '2020-01-20 17:21:56', '2020-01-20 17:21:56'),
(1152, 'Neil McAdam', 'mcadam.neil12@gmail.com', 'United States', '1', '06-89000764', 'Need to find effective online promotion that delivers real results? Sorry to bug you on your contact form but actually that was kinda the point. We can send your promotional copy to sites via their contact pages just like you\'re reading this ad right now.', '', '', NULL, '2020-01-21 01:32:43', '2020-01-21 01:32:43'),
(1153, 'Nadia Kershner', 'kershner.nadia@gmail.com', 'United States', '1', '907-289-8847', 'Sick of paying big bucks for ads that suck? Now you can post your ad on 10,000 ad websites and you only have to pay a single monthly fee. Get unlimited traffic forever! For more information just visit: http://www.instantadsposted.xyz', '', '', NULL, '2020-02-05 02:52:36', '2020-02-05 02:52:36'),
(1154, 'Silas Dann', 'dann.silas@gmail.com', 'United States', '1', '06-74275260', 'FreeWorld Inventory Liquidation Services - Daily Flash Sale - Everything must go. Visit us at: https://tinyurl.com/vfu27pw', '', '', NULL, '2020-02-05 22:34:20', '2020-02-05 22:34:20'),
(1155, 'Oliver Lynton', 'oliver.lynton54@gmail.com', 'United States', '1', '863-984-4356', 'Are you seeking powerful online promotion that actually gets good results? Sorry to bug you on your contact form but actually that was the whole point. We can send your advertising copy to websites via their contact forms just like you\'re getting this mes', '', '', NULL, '2020-02-07 08:59:34', '2020-02-07 08:59:34'),
(1156, 'Brooke Smith', 'brooke.smith@businessseo1.top', 'United States', '1', '213-558-1751', 'Hi,\r\n  You have a great website.  May I ask how your SEO is doing?\r\n\r\nDo you have enough people coming to your website?\r\n\r\nWe can help improve your SEO.  \r\n\r\nhttps://businessseo1.top/wal/?=siddhivinaayak.org\r\n\r\nRegards,\r\nBrooke\r\nSEO Expert\r\n\r\n\r\n\r\n\r\n\r\n\r\n\r\n', '', '', NULL, '2020-02-08 03:31:41', '2020-02-08 03:31:41'),
(1157, 'Kathi Given', 'kathi.given50@gmail.com', 'United States', '1', '01.23.91.42.09', 'Would you like to post your business on over 1000 ad sites every month? One tiny investment every month will get you virtually unlimited traffic to your site forever! For more information just visit: http://www.adblasting.xyz', '', '', NULL, '2020-02-10 23:58:29', '2020-02-10 23:58:29');

-- --------------------------------------------------------

--
-- Table structure for table `sub_category`
--

CREATE TABLE `sub_category` (
  `id` int(10) UNSIGNED NOT NULL,
  `category_id` int(11) NOT NULL,
  `name` varchar(255) COLLATE utf8_unicode_ci NOT NULL,
  `description` text COLLATE utf8_unicode_ci NOT NULL,
  `attachment_path` varchar(255) COLLATE utf8_unicode_ci NOT NULL,
  `updated_by` varchar(255) COLLATE utf8_unicode_ci NOT NULL,
  `created_by` varchar(255) COLLATE utf8_unicode_ci NOT NULL,
  `created_at` timestamp NOT NULL DEFAULT '0000-00-00 00:00:00',
  `updated_at` timestamp NOT NULL DEFAULT '0000-00-00 00:00:00',
  `deleted_at` timestamp NULL DEFAULT NULL
) ENGINE=InnoDB DEFAULT CHARSET=utf8 COLLATE=utf8_unicode_ci;

--
-- Dumping data for table `sub_category`
--

INSERT INTO `sub_category` (`id`, `category_id`, `name`, `description`, `attachment_path`, `updated_by`, `created_by`, `created_at`, `updated_at`, `deleted_at`) VALUES
(1, 2, 'Energy Meter', '', 'prok/image/sub_category/1502099535-enmeter.jpg', '1', '1', '2017-08-07 11:46:35', '2017-08-10 15:22:43', NULL),
(2, 2, 'Ammeter', '', 'prok/image/sub_category/2/1502192697-ameter.jpg', '1', '1', '2017-08-07 11:47:05', '2017-08-10 15:34:49', NULL),
(3, 2, 'Voltmeter', '', 'prok/image/sub_category/3/1502287028-1single.JPG', '1', '1', '2017-08-07 11:47:36', '2017-08-10 15:35:06', NULL),
(4, 2, 'VAF Meter', '', 'prok/image/sub_category/4/1502192820-vaf1.jpg', '1', '1', '2017-08-07 11:47:48', '2017-08-10 15:12:50', NULL),
(5, 2, 'Tap Position Indicator', '', 'prok/image/sub_category/5/1502192906-tpi.jpg', '1', '1', '2017-08-07 11:48:01', '2017-08-10 15:35:36', NULL),
(6, 1, 'Earth Leakage Relay with CBCT', '', 'prok/image/sub_category/6/1502251835-mpel01.JPG', '1', '1', '2017-08-07 13:53:00', '2017-08-10 15:06:08', NULL),
(7, 1, 'Earth Fault Relay', '', 'prok/image/sub_category/7/1502369717-IMG_6781.png', '1', '1', '2017-08-07 13:53:16', '2017-08-10 16:55:17', NULL),
(8, 1, 'Restricted Earth Fault Relay', '', 'prok/image/sub_category/8/1502369860-refr.jpg', '1', '1', '2017-08-07 13:53:33', '2017-08-10 16:57:40', NULL),
(9, 1, 'Over Current & Earth Fault relay', '', 'prok/image/sub_category/9/1502281628-_DSC0622.JPG', '1', '1', '2017-08-07 13:53:48', '2017-08-10 15:03:13', NULL),
(10, 1, 'Motor Protection Relay', '', 'prok/image/sub_category/10/1502343451-_DSC0351.JPG', '1', '1', '2017-08-07 13:54:17', '2017-08-10 09:37:31', NULL),
(11, 3, 'Auto Source Changeover Cum Current Limiter', '', 'prok/image/sub_category/11/1502184201-accl.jpg', '1', '1', '2017-08-07 13:55:25', '2017-08-10 15:05:43', NULL),
(12, 3, 'Battery Chargers / SMPS', '', 'prok/image/sub_category/12/1502184221-battery.jpg', '1', '1', '2017-08-07 13:55:39', '2017-08-10 15:24:18', NULL),
(13, 1, 'Automatic Power Factor Controller Relay', '', 'prok/image/sub_category/13/1502117417-apsfr.jpg', '1', '1', '2017-08-07 18:50:17', '2017-08-10 15:10:00', NULL),
(14, 1, 'Numerical Voltage Relay', '', 'prok/image/sub_category/14/1502284921-_DSC0666.JPG', '1', '1', '2017-08-07 19:02:56', '2017-08-10 15:24:55', NULL),
(15, 1, 'Line Voltage Monitor', '', 'prok/image/sub_category/15/1502349358-_DSC0553.JPG', '1', '1', '2017-08-09 15:04:47', '2017-08-10 15:25:50', NULL),
(16, 1, 'Reverse Power Relay', '', 'prok/image/sub_category/16/1502282463-_DSC0583.JPG', '1', '1', '2017-08-09 16:41:03', '2017-08-10 15:10:28', NULL),
(17, 1, 'Phase Failure Relay', '', 'prok/image/sub_category/17/1502284104-_DSC0332.JPG', '1', '1', '2017-08-09 17:08:24', '2017-08-10 15:06:57', NULL),
(18, 1, 'Voltage Relay (LV)', '', 'prok/image/sub_category/18/1502285117-_DSC0341.JPG', '1', '1', '2017-08-09 17:25:17', '2017-08-10 15:30:14', NULL),
(19, 1, 'Frequency Relay', '', 'prok/image/sub_category/19/1502286127-_DSC0547.JPG', '1', '1', '2017-08-09 17:37:06', '2017-08-10 15:30:37', NULL),
(20, 1, 'Neutral Displacement Relay', '', 'prok/image/sub_category/20/1502339622-_DSC0361.JPG', '1', '1', '2017-08-10 08:33:42', '2017-08-10 15:31:08', NULL),
(21, 1, 'Differential Relay', '', 'prok/image/sub_category/21/1502340786-_DSC0648.JPG', '1', '1', '2017-08-10 08:53:06', '2017-08-10 15:31:43', NULL),
(22, 1, 'Auxiliary Relay', '', 'prok/image/sub_category/22/1502342087-_DSC0615.JPG', '1', '1', '2017-08-10 09:14:47', '2017-08-10 15:33:29', NULL),
(23, 1, 'Master Trip Relay', '', 'prok/image/sub_category/23/1502342422-_DSC0611.JPG', '1', '1', '2017-08-10 09:20:22', '2017-08-10 15:33:51', NULL),
(24, 3, 'test', '', 'prok/image/sub_category/24/1512102033-Hydrangeas.jpg', '', '1', '2017-11-30 22:50:32', '2017-11-30 22:50:33', NULL);

-- --------------------------------------------------------

--
-- Table structure for table `users`
--

CREATE TABLE `users` (
  `id` int(10) UNSIGNED NOT NULL,
  `name` varchar(255) COLLATE utf8_unicode_ci NOT NULL,
  `email` varchar(255) COLLATE utf8_unicode_ci NOT NULL,
  `password` varchar(60) COLLATE utf8_unicode_ci NOT NULL,
  `remember_token` varchar(100) COLLATE utf8_unicode_ci DEFAULT NULL,
  `created_at` timestamp NOT NULL DEFAULT '0000-00-00 00:00:00',
  `updated_at` timestamp NOT NULL DEFAULT '0000-00-00 00:00:00'
) ENGINE=InnoDB DEFAULT CHARSET=utf8 COLLATE=utf8_unicode_ci;

--
-- Dumping data for table `users`
--

INSERT INTO `users` (`id`, `name`, `email`, `password`, `remember_token`, `created_at`, `updated_at`) VALUES
(1, 'admin', '', '$2y$10$8Eo0SfHv6ZDa1eyVoxQJVuPfr3oVxe273IGvYb8gVImKbXiBF7q.6', '9Eg15jPeRZA8QIlEWovYgiI5yR7bK9y2gU9XbXTG7kQOyLNnxbCFJ2t0hPkV', '0000-00-00 00:00:00', '2018-03-28 13:36:29');

--
-- Indexes for dumped tables
--

--
-- Indexes for table `category`
--
ALTER TABLE `category`
  ADD PRIMARY KEY (`id`);

--
-- Indexes for table `counter`
--
ALTER TABLE `counter`
  ADD PRIMARY KEY (`id`);

--
-- Indexes for table `countries`
--
ALTER TABLE `countries`
  ADD PRIMARY KEY (`id`),
  ADD KEY `countries_sortname_index` (`sortname`);

--
-- Indexes for table `events`
--
ALTER TABLE `events`
  ADD PRIMARY KEY (`id`);

--
-- Indexes for table `folders`
--
ALTER TABLE `folders`
  ADD PRIMARY KEY (`id`);

--
-- Indexes for table `galleries`
--
ALTER TABLE `galleries`
  ADD PRIMARY KEY (`id`);

--
-- Indexes for table `sankalpa`
--
ALTER TABLE `sankalpa`
  ADD PRIMARY KEY (`id`);

--
-- Indexes for table `subscribes`
--
ALTER TABLE `subscribes`
  ADD PRIMARY KEY (`id`),
  ADD UNIQUE KEY `subscribes_email_unique` (`email`);

--
-- Indexes for table `sub_category`
--
ALTER TABLE `sub_category`
  ADD PRIMARY KEY (`id`);

--
-- Indexes for table `users`
--
ALTER TABLE `users`
  ADD PRIMARY KEY (`id`),
  ADD UNIQUE KEY `users_email_unique` (`email`);

--
-- AUTO_INCREMENT for dumped tables
--

--
-- AUTO_INCREMENT for table `category`
--
ALTER TABLE `category`
  MODIFY `id` int(10) UNSIGNED NOT NULL AUTO_INCREMENT, AUTO_INCREMENT=4;

--
-- AUTO_INCREMENT for table `counter`
--
ALTER TABLE `counter`
  MODIFY `id` int(10) UNSIGNED NOT NULL AUTO_INCREMENT, AUTO_INCREMENT=2;

--
-- AUTO_INCREMENT for table `countries`
--
ALTER TABLE `countries`
  MODIFY `id` int(10) UNSIGNED NOT NULL AUTO_INCREMENT, AUTO_INCREMENT=247;

--
-- AUTO_INCREMENT for table `events`
--
ALTER TABLE `events`
  MODIFY `id` int(10) UNSIGNED NOT NULL AUTO_INCREMENT, AUTO_INCREMENT=8;

--
-- AUTO_INCREMENT for table `folders`
--
ALTER TABLE `folders`
  MODIFY `id` int(10) UNSIGNED NOT NULL AUTO_INCREMENT, AUTO_INCREMENT=15;

--
-- AUTO_INCREMENT for table `galleries`
--
ALTER TABLE `galleries`
  MODIFY `id` int(10) UNSIGNED NOT NULL AUTO_INCREMENT, AUTO_INCREMENT=142;

--
-- AUTO_INCREMENT for table `sankalpa`
--
ALTER TABLE `sankalpa`
  MODIFY `id` int(11) NOT NULL AUTO_INCREMENT, AUTO_INCREMENT=485;

--
-- AUTO_INCREMENT for table `subscribes`
--
ALTER TABLE `subscribes`
  MODIFY `id` int(10) UNSIGNED NOT NULL AUTO_INCREMENT, AUTO_INCREMENT=1158;

--
-- AUTO_INCREMENT for table `sub_category`
--
ALTER TABLE `sub_category`
  MODIFY `id` int(10) UNSIGNED NOT NULL AUTO_INCREMENT, AUTO_INCREMENT=25;

--
-- AUTO_INCREMENT for table `users`
--
ALTER TABLE `users`
  MODIFY `id` int(10) UNSIGNED NOT NULL AUTO_INCREMENT, AUTO_INCREMENT=2;
COMMIT;

/*!40101 SET CHARACTER_SET_CLIENT=@OLD_CHARACTER_SET_CLIENT */;
/*!40101 SET CHARACTER_SET_RESULTS=@OLD_CHARACTER_SET_RESULTS */;
/*!40101 SET COLLATION_CONNECTION=@OLD_COLLATION_CONNECTION */;
